-- MySQL dump 10.13  Distrib 8.0.40, for Win64 (x86_64)
--
-- Host: mysql-14d288cf-ballexplorer1975-fb53.d.aivencloud.com    Database: vigitecol_db
-- ------------------------------------------------------
-- Server version	8.0.35

/*!40101 SET @OLD_CHARACTER_SET_CLIENT=@@CHARACTER_SET_CLIENT */;
/*!40101 SET @OLD_CHARACTER_SET_RESULTS=@@CHARACTER_SET_RESULTS */;
/*!40101 SET @OLD_COLLATION_CONNECTION=@@COLLATION_CONNECTION */;
/*!50503 SET NAMES utf8mb4 */;
/*!40103 SET @OLD_TIME_ZONE=@@TIME_ZONE */;
/*!40103 SET TIME_ZONE='+00:00' */;
/*!40014 SET @OLD_UNIQUE_CHECKS=@@UNIQUE_CHECKS, UNIQUE_CHECKS=0 */;
/*!40014 SET @OLD_FOREIGN_KEY_CHECKS=@@FOREIGN_KEY_CHECKS, FOREIGN_KEY_CHECKS=0 */;
/*!40101 SET @OLD_SQL_MODE=@@SQL_MODE, SQL_MODE='NO_AUTO_VALUE_ON_ZERO' */;
/*!40111 SET @OLD_SQL_NOTES=@@SQL_NOTES, SQL_NOTES=0 */;
SET @MYSQLDUMP_TEMP_LOG_BIN = @@SESSION.SQL_LOG_BIN;
SET @@SESSION.SQL_LOG_BIN= 0;

--
-- GTID state at the beginning of the backup 
--

SET @@GLOBAL.GTID_PURGED=/*!80000 '+'*/ '396659b6-a221-11f0-ab36-2a83e80e1195:1-332,
9044de59-b130-11f0-a9fb-72729dd3ec00:1-72';

--
-- Current Database: `vigitecol_db`
--

CREATE DATABASE /*!32312 IF NOT EXISTS*/ `vigitecol_db` /*!40100 DEFAULT CHARACTER SET utf8mb4 COLLATE utf8mb4_0900_ai_ci */ /*!80016 DEFAULT ENCRYPTION='N' */;

USE `vigitecol_db`;

--
-- Table structure for table `afiliacion`
--

DROP TABLE IF EXISTS `afiliacion`;
/*!40101 SET @saved_cs_client     = @@character_set_client */;
/*!50503 SET character_set_client = utf8mb4 */;
CREATE TABLE `afiliacion` (
  `afiliacion_id` bigint NOT NULL AUTO_INCREMENT,
  `fecha_afiliacion` date DEFAULT NULL,
  `nombre_entidad` varchar(255) DEFAULT NULL,
  `tipo_afiliacion` enum('SALUD','PENSION','ARL','CONFA') DEFAULT NULL,
  `empleado_id` bigint DEFAULT NULL,
  PRIMARY KEY (`afiliacion_id`),
  KEY `FK7cpvdeyiihm2c4ann8flqvr5u` (`empleado_id`),
  CONSTRAINT `FK7cpvdeyiihm2c4ann8flqvr5u` FOREIGN KEY (`empleado_id`) REFERENCES `empleado` (`id`)
) ENGINE=InnoDB AUTO_INCREMENT=71 DEFAULT CHARSET=utf8mb4 COLLATE=utf8mb4_0900_ai_ci;
/*!40101 SET character_set_client = @saved_cs_client */;

--
-- Dumping data for table `afiliacion`
--

LOCK TABLES `afiliacion` WRITE;
/*!40000 ALTER TABLE `afiliacion` DISABLE KEYS */;
INSERT INTO `afiliacion` VALUES (1,'2005-06-20','SURA','SALUD',116),(2,'2010-06-20','PROTECCION','PENSION',116),(3,'2024-08-12','POSITIVA','ARL',116),(4,'2024-08-12','SALUD TOTAL','SALUD',133),(6,'2024-08-12','POSITIVA','ARL',133),(7,'2024-11-20','SANITAS','SALUD',134),(8,'2024-01-15','PROTECCIÓN','PENSION',134),(9,'2025-08-12','POSITIVA','ARL',134),(12,'2010-01-12','POSITIVA','ARL',99),(13,'2021-03-12','PROTECCIÓN','PENSION',54),(14,'2021-12-11','SANITAS','SALUD',135),(15,'2021-05-11','COLPENSIONES','PENSION',135),(16,'2013-03-06','POSITIVA','ARL',112),(17,'2025-05-20','SURA','SALUD',136),(18,'2025-08-20','','SALUD',60),(19,'2025-09-10','SALUD TOTAL','SALUD',138),(20,'2025-09-01','SANITAS','SALUD',139),(21,'2025-09-08','SURA','SALUD',82),(22,'2025-09-02','SURA','SALUD',140),(23,'2025-09-09','SISBEN','SALUD',141),(24,'2025-07-27','SANITAS','SALUD',142),(25,'2020-02-15','SURA','SALUD',143),(26,'2025-08-31','SANITAS','SALUD',54),(27,'2015-12-06','SANITAS','SALUD',144),(28,'2020-01-01','SURA','SALUD',145),(29,'2019-09-10','Protección','PENSION',145),(30,'2025-09-14','SURA','ARL',145),(31,'2024-08-12','SALUD MORTAL','SALUD',116),(32,'2024-08-12','PROTECCION','PENSION',116),(33,'2024-08-12','POSITIVA','ARL',116),(34,'2025-08-31','SURA','SALUD',146),(35,'2025-09-02','PROTECCIÓN','PENSION',146),(36,'2025-09-01','POSITIVA','ARL',146),(37,'2025-09-01','NUEVA EPS','SALUD',148),(38,'2025-09-01','SURA','SALUD',150),(39,'2025-09-01','NUEVA EPS','SALUD',151),(40,'2025-08-31','SANITAS','SALUD',152),(41,'2025-09-01','PROTECCION','PENSION',152),(42,'2025-09-14','SURA','SALUD',153),(43,'2025-09-15','SURA','SALUD',154),(44,'2025-09-22','SURA','SALUD',155),(45,'2025-09-10','PROTECCION','PENSION',155),(46,'2025-09-15','SANITAS','SALUD',156),(47,'2025-09-09','PROTECCION','PENSION',156),(48,'2025-09-09','SALUD TOTAL','SALUD',157),(49,'2025-09-02','COLPENSIONES','PENSION',157),(50,'2025-09-09','SURA','SALUD',159),(51,'2025-09-15','PROTECCION','PENSION',159),(52,'2025-09-09','POSITIVA','ARL',159),(53,'2025-09-29','SURA','SALUD',162),(54,'2025-09-09','COLPENSIONES','PENSION',162),(55,'2025-09-02','POSITIVA','ARL',162),(56,'2025-09-02','NUEVA EPS','SALUD',164),(57,'2025-09-02','COLPENSIONES','PENSION',164),(58,'2025-09-02','POSITIVA','ARL',164),(59,'2025-09-02','PROTECCION','PENSION',165),(60,'2021-09-14','POSITIVA','ARL',165),(61,'2025-09-01','SURA','SALUD',165),(62,'2024-08-12','CONFA','CONFA',116),(63,'2025-09-01','CONFA','CONFA',112),(64,'2025-10-07','SURA','SALUD',167),(65,'2025-09-30','PROTECCION','PENSION',167),(66,'2025-10-02','POSITIVA','ARL',167),(67,'2025-10-07','SURA','SALUD',171),(68,'2025-10-08','PROTECCION','PENSION',171),(69,'2025-10-08','POSITIVA','ARL',171),(70,'2025-10-01','CONFA','CONFA',171);
/*!40000 ALTER TABLE `afiliacion` ENABLE KEYS */;
UNLOCK TABLES;

--
-- Table structure for table `contrato`
--

DROP TABLE IF EXISTS `contrato`;
/*!40101 SET @saved_cs_client     = @@character_set_client */;
/*!50503 SET character_set_client = utf8mb4 */;
CREATE TABLE `contrato` (
  `contrato_id` bigint NOT NULL AUTO_INCREMENT,
  `continua` bit(1) DEFAULT NULL,
  `fecha_ingreso` date DEFAULT NULL,
  `fecha_otro_si` date DEFAULT NULL,
  `fecha_renuncia` date DEFAULT NULL,
  `fecha_retiro` date DEFAULT NULL,
  `numero_contrato` int NOT NULL,
  `omiso` varchar(255) DEFAULT NULL,
  `vacaciones_desde` date DEFAULT NULL,
  `vacaciones_hasta` date DEFAULT NULL,
  `empleado_id` bigint DEFAULT NULL,
  PRIMARY KEY (`contrato_id`),
  KEY `FKjwfxwgltjffxn8af1hbjm8nw` (`empleado_id`),
  CONSTRAINT `FKjwfxwgltjffxn8af1hbjm8nw` FOREIGN KEY (`empleado_id`) REFERENCES `empleado` (`id`)
) ENGINE=InnoDB AUTO_INCREMENT=223 DEFAULT CHARSET=utf8mb4 COLLATE=utf8mb4_0900_ai_ci;
/*!40101 SET character_set_client = @saved_cs_client */;

--
-- Dumping data for table `contrato`
--

LOCK TABLES `contrato` WRITE;
/*!40000 ALTER TABLE `contrato` DISABLE KEYS */;
INSERT INTO `contrato` VALUES (1,_binary '\0','2025-03-15',NULL,'2026-01-02','2026-03-20',1,'SEGUIMOS PROBANDO FAMILIARES',NULL,NULL,18),(5,_binary '','2013-06-13',NULL,'2026-01-02','2024-11-20',3,'Cliente lo solicita',NULL,NULL,19),(7,_binary '','2013-06-13',NULL,'2026-01-02','2024-11-20',3,'Cliente lo solicita',NULL,NULL,21),(16,_binary '\0','2013-06-13','2025-10-01','2026-01-02','2024-11-20',9,'Gerente solicita su reingreso',NULL,NULL,24),(18,_binary '\0','2013-06-13','2025-10-01','2026-01-02','2024-11-20',5,'Gerente solicita su reingreso',NULL,NULL,25),(19,_binary '\0','2016-06-19','2025-02-11',NULL,'2021-04-24',1,'Gerente solicita su reingreso',NULL,NULL,27),(20,_binary '','2016-06-19','2025-02-11',NULL,NULL,1,'Nueva oportunidad',NULL,NULL,28),(22,_binary '','2016-06-19','2025-02-11',NULL,NULL,29,'Prueba de contrato',NULL,NULL,23),(26,_binary '\0','2016-06-19','2025-02-11',NULL,NULL,30,'Prueba de contrato',NULL,NULL,17),(27,_binary '\0','2016-06-19','2025-02-11',NULL,NULL,1,'Prueba de contrato',NULL,NULL,31),(28,_binary '\0','2016-06-19','2025-02-11',NULL,NULL,5,'Prueba de contrato',NULL,NULL,22),(29,_binary '\0','2016-06-19','2025-02-11',NULL,NULL,1,'Prueba de contrato',NULL,NULL,29),(30,_binary '\0','2016-06-19','2025-02-11',NULL,NULL,2,'Prueba de contrato',NULL,NULL,29),(31,_binary '\0','2016-06-19','2025-02-11',NULL,NULL,2,'Probando fetch',NULL,NULL,29),(32,_binary '\0','2016-06-19','2025-02-11',NULL,NULL,3,'Probando fetch',NULL,NULL,29),(35,_binary '','2016-06-19','2025-02-11',NULL,NULL,30,'autoincremental numeroContrato',NULL,NULL,23),(36,_binary '','2016-06-19','2025-02-11',NULL,NULL,1,'autoincremental numeroContrato','2025-07-28',NULL,26),(37,_binary '','2016-06-19','2025-02-11',NULL,NULL,1,'REALIZANDO PRUEBAS',NULL,NULL,52),(38,_binary '','2025-07-19','2025-02-11',NULL,NULL,1,'REALIZANDO BUSQUEDAS ACTIVOS E INACTICOS',NULL,NULL,53),(39,_binary '','2025-07-30','2025-02-11',NULL,NULL,1,'PRUEBA 16 DE JULIO','2025-07-28',NULL,54),(40,_binary '\0','2016-06-19','2025-02-11',NULL,NULL,1,'PRUEBA 17 DE JULIO',NULL,NULL,55),(41,_binary '','2016-06-19','2025-02-11',NULL,NULL,2,'PRUEBA 17 DE JULIO',NULL,NULL,55),(42,_binary '','2016-06-19','2025-02-11',NULL,NULL,3,'PRUEBA 18 DE JULIO',NULL,NULL,55),(43,_binary '','2016-06-19','2025-02-11',NULL,NULL,1,'PRUEBA 18 DE JULIO',NULL,NULL,56),(44,_binary '','2016-06-19','2025-02-11',NULL,NULL,1,'PRUEBA 18 DE JULIO',NULL,NULL,30),(45,_binary '','2016-06-19','2025-02-11',NULL,NULL,2,'PRUEBA 18 DE JULIO',NULL,NULL,31),(46,_binary '\0','2016-06-19','2025-02-11',NULL,NULL,1,'PRUEBA 18 DE JULIO',NULL,NULL,32),(47,_binary '\0','2016-06-19','2025-02-11',NULL,NULL,1,'PRUEBA 18 DE JULIO',NULL,NULL,33),(48,_binary '\0','2016-06-19','2025-02-11',NULL,NULL,1,'PRUEBA 18 DE JULIO',NULL,NULL,34),(49,_binary '\0','2016-06-19','2025-02-11',NULL,NULL,2,'PRUEBA 18 DE JULIO',NULL,NULL,34),(50,_binary '\0','2016-06-19','2025-02-11',NULL,NULL,1,'PRUEBA 18 DE JULIO',NULL,NULL,35),(51,_binary '\0','2016-06-19','2025-02-11',NULL,NULL,1,'PRUEBA 18 DE JULIO',NULL,NULL,36),(52,_binary '','2016-06-19','2025-02-11',NULL,NULL,1,'PRUEBA 18 DE JULIO',NULL,NULL,37),(53,_binary '','2016-06-19','2025-02-11',NULL,NULL,1,'PRUEBA 18 DE JULIO',NULL,NULL,38),(54,_binary '','2016-06-19','2025-02-11',NULL,NULL,2,'PRUEBA 18 DE JULIO',NULL,NULL,37),(55,_binary '','2025-07-08','2025-02-11',NULL,NULL,1,'PRUEBA 18 DE JULIO',NULL,NULL,39),(56,_binary '','2016-06-19','2025-02-11',NULL,NULL,1,'PRUEBA 18 DE JULIO',NULL,NULL,50),(57,_binary '','2016-06-19',NULL,NULL,NULL,1,NULL,NULL,NULL,51),(58,_binary '','2016-06-19','2025-02-11',NULL,NULL,2,'PRUEBA FRONTEND',NULL,NULL,52),(59,_binary '','2016-06-19','2025-02-11',NULL,NULL,4,'PRUEBA FRONTEND',NULL,NULL,55),(60,_binary '','2016-06-19','2025-02-11',NULL,NULL,1,'PRUEBA FRONTEND',NULL,NULL,58),(61,_binary '',NULL,NULL,NULL,NULL,2,'',NULL,NULL,58),(62,_binary '\0','2025-10-01',NULL,'2025-12-31',NULL,1,'',NULL,NULL,78),(63,_binary '\0','2025-10-01',NULL,NULL,'2025-11-30',2,'OPTIMIZANDO PRUEBA FAMILIARES',NULL,NULL,78),(64,_binary '','2025-07-23',NULL,NULL,NULL,1,'PRUEBA CON CROSS',NULL,NULL,81),(65,_binary '\0','2020-02-10',NULL,NULL,NULL,1,'SE FUE ANTES DE TIEMPO',NULL,NULL,82),(66,_binary '','2023-07-23',NULL,NULL,NULL,1,'',NULL,NULL,83),(67,_binary '','2022-05-10',NULL,NULL,NULL,1,'',NULL,NULL,84),(68,_binary '','1980-03-14',NULL,NULL,'2004-05-16',1,'',NULL,NULL,85),(70,_binary '','2025-10-01','2000-12-01','2000-12-01','2000-12-01',1,'NO CUMPLIO','2025-06-29','2025-07-15',61),(71,_binary '','2025-10-01',NULL,NULL,'2025-11-30',1,'',NULL,NULL,62),(72,_binary '','2025-10-01',NULL,NULL,'2025-11-30',2,'VUELVE A LA EMPRESA',NULL,NULL,82),(73,_binary '',NULL,NULL,NULL,NULL,1,NULL,NULL,NULL,87),(74,_binary '','2024-02-15',NULL,NULL,NULL,1,'',NULL,NULL,88),(75,_binary '',NULL,NULL,NULL,NULL,1,'otra prueba con historial',NULL,NULL,89),(76,_binary '','2011-11-22',NULL,NULL,NULL,1,'MÁS PRUEBAS HISTORIAL',NULL,NULL,90),(77,_binary '',NULL,NULL,NULL,NULL,1,NULL,NULL,NULL,91),(78,_binary '','2023-01-10',NULL,NULL,'2025-05-16',1,'super no se cuanto puede escribir aquí',NULL,NULL,92),(79,_binary '\0','2025-10-01',NULL,NULL,'2025-11-30',1,'',NULL,NULL,69),(80,_binary '',NULL,NULL,NULL,NULL,1,NULL,NULL,NULL,93),(83,_binary '\0','2025-10-01',NULL,NULL,'2025-11-30',2,'Creando SEGUNDO CONTRATO',NULL,NULL,94),(84,_binary '',NULL,NULL,NULL,NULL,2,'REALIZANDO PRUEBA AGREGAR NUEVO CONTRATO',NULL,NULL,54),(86,_binary '','2025-10-01',NULL,NULL,'2025-11-30',2,'Creando SEGUNDO CONTRATO',NULL,NULL,87),(87,_binary '','2025-07-22',NULL,NULL,'2026-07-21',2,'Cumpliendo deberes',NULL,NULL,95),(88,_binary '','2020-06-01',NULL,NULL,'2021-07-02',3,'Ya funciona como lo esperaba','2019-03-12',NULL,95),(89,_binary '','2024-11-16',NULL,NULL,NULL,1,'Continúa trabajando',NULL,NULL,96),(90,_binary '','2025-07-29',NULL,NULL,NULL,31,'ReanumeroContrato eliminado 31',NULL,NULL,17),(91,_binary '','2025-07-30',NULL,NULL,NULL,4,'Verificando Return 204',NULL,NULL,95),(93,_binary '',NULL,NULL,NULL,NULL,4,'',NULL,NULL,29),(94,_binary '\0','2025-10-01',NULL,NULL,'2025-11-30',1,'Creando SEGUNDO CONTRATO',NULL,NULL,70),(95,_binary '','2023-05-14',NULL,'2023-12-20','2024-05-13',4,'Renuncio pero continuo...',NULL,NULL,54),(96,_binary '\0','2025-04-20','2025-09-15','2025-08-30',NULL,5,'No quiso trabajar más pero lo volvieron a llamar',NULL,NULL,54),(97,_binary '\0','2025-10-10',NULL,NULL,'2026-10-09',6,'Se volvío a reintegrar gracias al Ingeniero',NULL,NULL,54),(98,_binary '\0','2025-08-12',NULL,NULL,NULL,7,'HISTORIAL funcionando',NULL,NULL,54),(99,_binary '','2024-08-15',NULL,NULL,NULL,6,'SE REINTEGRA NUEVAMENTE AL PROCESO',NULL,NULL,25),(100,_binary '','2025-07-14',NULL,NULL,NULL,1,'EN PERIODO DE PRUEBA',NULL,NULL,98),(101,_binary '\0','2022-07-30',NULL,'2023-04-10',NULL,1,'RENUNCIO',NULL,NULL,73),(102,_binary '','2024-04-20',NULL,NULL,NULL,1,'SE DIO UNA OPORTUNIDAD',NULL,NULL,71),(103,_binary '\0','2020-01-23',NULL,'2000-06-14','2021-02-22',1,'FUE RETIRADO DE LA EMPRESA',NULL,NULL,63),(104,_binary '\0','2020-12-10',NULL,NULL,NULL,1,'SE TERMINO EL CONTRATO POR NAVIDAD',NULL,NULL,77),(105,_binary '','2024-12-20',NULL,NULL,NULL,5,'realizando PRUEBAS DE HISTORIAL 1',NULL,NULL,55),(106,_binary '\0','2025-08-01',NULL,NULL,'2022-02-22',8,'Realizando pruebas fallidas',NULL,NULL,54),(108,_binary '','2010-10-10','2022-08-12',NULL,NULL,1,'Nuevo reintegro','2020-02-10',NULL,101),(109,_binary '','2024-02-14',NULL,NULL,NULL,2,'continua con nosotros',NULL,NULL,101),(110,_binary '','2025-07-31',NULL,NULL,NULL,1,NULL,NULL,NULL,102),(111,_binary '',NULL,NULL,NULL,NULL,3,'',NULL,NULL,34),(112,_binary '',NULL,NULL,NULL,NULL,2,'tratando de mostrar todos los contratos',NULL,NULL,77),(113,_binary '','2025-08-01',NULL,NULL,NULL,9,'Mostrando todo el listado disponible de contratos',NULL,NULL,54),(114,_binary '\0','2024-12-31',NULL,NULL,NULL,3,'siguiendo con las pruebas',NULL,NULL,94),(115,_binary '','2013-11-14',NULL,NULL,NULL,1,'prueba desde empleados sin contrato',NULL,NULL,68),(116,_binary '','2018-03-23',NULL,NULL,NULL,1,'REALIZANDO PRUEBAS FAMILIARES',NULL,NULL,60),(117,_binary '','2024-03-24',NULL,'2025-05-13',NULL,1,'Ingresa como guarda y pasa a operador de medios',NULL,NULL,103),(118,_binary '','2025-08-05',NULL,NULL,NULL,2,'Fue reintegrado',NULL,NULL,36),(119,_binary '\0','2020-01-20',NULL,NULL,'2021-06-14',1,'NO CONTINUO',NULL,NULL,16),(120,_binary '\0','2010-04-17',NULL,NULL,'2020-06-20',1,'CUMPLE CON EL CONTRATO',NULL,NULL,104),(121,_binary '\0','2022-10-23',NULL,NULL,NULL,2,'REINTEGRO',NULL,NULL,104),(122,_binary '','2024-03-14','2024-03-13',NULL,NULL,2,'VUELVE',NULL,NULL,73),(123,_binary '','2024-04-13',NULL,NULL,NULL,1,'RECIBE INDUCCIÓN',NULL,NULL,105),(124,_binary '','2023-07-14',NULL,NULL,NULL,1,NULL,NULL,NULL,107),(125,_binary '','2025-08-06',NULL,NULL,NULL,3,'CONTINÚA EL PROCESO',NULL,NULL,104),(126,_binary '','2024-03-14',NULL,NULL,NULL,2,'EN ZONA',NULL,NULL,16),(127,_binary '','2001-02-05',NULL,NULL,NULL,1,NULL,NULL,NULL,108),(128,_binary '','2019-02-14',NULL,NULL,NULL,1,NULL,NULL,NULL,109),(129,_binary '','1987-03-12',NULL,NULL,NULL,1,'NUESTRO GERENTE','2018-05-16','2018-06-22',45),(130,_binary '\0','2025-06-14',NULL,NULL,NULL,3,'REINICIA',NULL,NULL,82),(131,_binary '\0','2024-05-14',NULL,'2025-03-20',NULL,2,'RENUNCIO A PRUEBAS FAMILIARES',NULL,NULL,60),(132,_binary '\0','2025-06-15',NULL,NULL,NULL,3,'OTRA PRUEBA PARA FAMILIARES',NULL,NULL,60),(133,_binary '','2025-12-01',NULL,NULL,NULL,4,'OTRA PRUEBA NUEVO CONTRATO NO CONTINUA',NULL,NULL,60),(134,_binary '\0','2014-06-14',NULL,NULL,NULL,3,'UNA PRUEBA MÁS FAMILIARES',NULL,NULL,78),(135,_binary '','2025-05-23',NULL,'2025-05-30',NULL,10,'PROBANDO ENPOINTS',NULL,NULL,54),(136,_binary '','2010-03-11',NULL,NULL,NULL,1,'CONTRATADO',NULL,NULL,47),(137,_binary '','2025-08-15',NULL,NULL,NULL,1,NULL,NULL,NULL,110),(138,_binary '','2024-11-12',NULL,NULL,NULL,1,'REALIZANDO PRUEBAS FAMILIARES',NULL,NULL,112),(139,_binary '',NULL,NULL,NULL,NULL,1,NULL,NULL,NULL,113),(140,_binary '',NULL,NULL,NULL,NULL,1,NULL,NULL,NULL,114),(141,_binary '','2010-10-10',NULL,NULL,NULL,1,NULL,NULL,NULL,115),(142,_binary '','2013-11-13',NULL,NULL,NULL,1,'CONTINUA PRUEBAS FAMILIARES',NULL,NULL,116),(143,_binary '','2020-04-10',NULL,NULL,NULL,1,NULL,NULL,NULL,117),(144,_binary '','2000-10-22',NULL,NULL,NULL,1,NULL,NULL,NULL,118),(145,_binary '','2025-07-09',NULL,NULL,NULL,1,'',NULL,NULL,119),(146,_binary '','2025-08-12',NULL,NULL,NULL,1,NULL,NULL,NULL,120),(147,_binary '','2020-02-14',NULL,NULL,NULL,1,NULL,NULL,NULL,121),(148,_binary '\0','2025-07-16',NULL,NULL,'2025-08-20',2,'',NULL,NULL,116),(149,_binary '','2026-05-12',NULL,NULL,NULL,3,'',NULL,NULL,116),(150,_binary '','2025-08-14',NULL,NULL,NULL,1,NULL,NULL,NULL,122),(151,_binary '\0','2025-08-18',NULL,NULL,NULL,1,'SE REINTEGRA DE LA TABLA SIN CONTRATO',NULL,NULL,59),(152,_binary '','2025-04-20',NULL,NULL,NULL,1,'',NULL,NULL,79),(153,_binary '','2025-08-10',NULL,NULL,NULL,1,'',NULL,NULL,97),(154,_binary '','2025-07-10',NULL,NULL,NULL,1,NULL,NULL,NULL,124),(155,_binary '','2025-02-01',NULL,NULL,NULL,1,NULL,NULL,NULL,125),(156,_binary '','2025-08-30',NULL,NULL,NULL,2,'',NULL,NULL,35),(157,_binary '','2024-09-30',NULL,NULL,NULL,1,NULL,NULL,NULL,126),(158,_binary '','2020-04-16',NULL,NULL,NULL,1,NULL,NULL,NULL,127),(159,_binary '','2025-08-11',NULL,NULL,NULL,1,'',NULL,NULL,100),(160,_binary '','2025-03-16',NULL,NULL,NULL,1,NULL,NULL,NULL,128),(161,_binary '','2025-08-14',NULL,NULL,NULL,1,'',NULL,NULL,111),(162,_binary '','2025-07-08',NULL,NULL,NULL,1,'',NULL,NULL,67),(163,_binary '','2024-04-20',NULL,NULL,NULL,1,'',NULL,NULL,44),(164,_binary '','2025-07-09',NULL,NULL,NULL,1,NULL,NULL,NULL,129),(165,_binary '','2025-07-10',NULL,NULL,NULL,1,'',NULL,NULL,99),(166,_binary '','2025-07-11',NULL,NULL,NULL,1,NULL,NULL,NULL,130),(167,_binary '','2020-02-10',NULL,NULL,NULL,1,NULL,NULL,NULL,131),(168,_binary '','2025-07-14',NULL,NULL,NULL,1,NULL,NULL,NULL,132),(169,_binary '','2025-07-15',NULL,NULL,NULL,1,NULL,NULL,NULL,133),(170,_binary '','2025-07-15',NULL,NULL,NULL,1,NULL,NULL,NULL,134),(171,_binary '','2025-07-01',NULL,NULL,NULL,1,'',NULL,NULL,75),(172,_binary '','2025-07-15',NULL,NULL,NULL,1,'',NULL,NULL,135),(173,_binary '','2025-07-15',NULL,NULL,NULL,1,NULL,NULL,NULL,136),(174,_binary '','2025-07-15',NULL,NULL,NULL,1,'',NULL,NULL,123),(175,_binary '','2025-07-27',NULL,NULL,NULL,1,'',NULL,NULL,137),(176,_binary '','2025-07-18',NULL,NULL,NULL,1,NULL,NULL,NULL,138),(177,_binary '\0','2024-09-05',NULL,NULL,NULL,1,'',NULL,NULL,139),(178,_binary '','2025-07-15',NULL,NULL,NULL,2,'',NULL,NULL,33),(179,_binary '','2025-07-28',NULL,NULL,NULL,4,'',NULL,NULL,82),(180,_binary '\0','2025-08-26',NULL,NULL,'2025-09-05',5,'RENUNCIO',NULL,NULL,82),(182,_binary '\0','2025-09-07',NULL,NULL,NULL,6,'',NULL,NULL,82),(183,_binary '','2025-07-17',NULL,NULL,NULL,1,NULL,NULL,NULL,140),(184,_binary '','2025-07-10',NULL,NULL,NULL,1,NULL,NULL,NULL,141),(185,_binary '','2025-07-07',NULL,NULL,NULL,1,'PERIODO DE PRUEBA',NULL,NULL,106),(187,_binary '','2025-09-10',NULL,NULL,NULL,11,'REALIZANDO PRUEBAS ProtectedElements RRHH',NULL,NULL,54),(188,_binary '','2025-07-07',NULL,NULL,NULL,1,NULL,NULL,NULL,142),(189,_binary '','2025-08-01',NULL,NULL,NULL,1,NULL,NULL,NULL,143),(190,_binary '','2025-07-25',NULL,NULL,NULL,1,'',NULL,NULL,86),(191,_binary '','2025-07-20',NULL,NULL,NULL,1,NULL,NULL,NULL,144),(192,_binary '\0','2025-07-20',NULL,'2025-09-13',NULL,1,'Se aburrió y lo echaron',NULL,NULL,145),(193,_binary '','2025-09-14',NULL,NULL,NULL,2,'',NULL,NULL,145),(194,_binary '\0','2025-09-16',NULL,NULL,NULL,12,'',NULL,NULL,54),(195,_binary '','2025-09-17',NULL,NULL,NULL,13,'',NULL,NULL,54),(196,_binary '','2025-07-20',NULL,NULL,NULL,1,NULL,NULL,NULL,146),(197,_binary '','2025-07-29',NULL,NULL,NULL,1,NULL,NULL,NULL,147),(198,_binary '','2025-07-27',NULL,NULL,NULL,1,NULL,NULL,NULL,148),(199,_binary '','2025-08-04',NULL,NULL,NULL,1,NULL,NULL,NULL,150),(200,_binary '','2025-08-19',NULL,NULL,NULL,1,NULL,NULL,NULL,151),(201,_binary '','2025-08-06',NULL,NULL,NULL,1,NULL,NULL,NULL,152),(202,_binary '','2025-09-08',NULL,NULL,NULL,1,NULL,NULL,NULL,153),(203,_binary '','2025-09-08',NULL,NULL,NULL,1,NULL,NULL,NULL,154),(204,_binary '','2025-09-02',NULL,NULL,NULL,1,NULL,NULL,NULL,155),(205,_binary '','2025-09-02',NULL,NULL,NULL,2,'',NULL,NULL,70),(206,_binary '','2025-09-09',NULL,NULL,NULL,1,NULL,NULL,NULL,156),(207,_binary '','2025-08-05',NULL,NULL,NULL,1,NULL,NULL,NULL,157),(208,_binary '','2025-09-02',NULL,NULL,NULL,1,NULL,NULL,NULL,158),(209,_binary '','2025-09-01',NULL,NULL,NULL,1,NULL,NULL,NULL,159),(210,_binary '','2025-09-10',NULL,NULL,NULL,1,NULL,NULL,NULL,160),(211,_binary '','2025-09-03',NULL,NULL,NULL,1,NULL,NULL,NULL,161),(212,_binary '','2025-09-10',NULL,NULL,NULL,1,NULL,NULL,NULL,162),(213,_binary '','2025-09-01',NULL,NULL,NULL,1,NULL,NULL,NULL,163),(214,_binary '','2025-09-01',NULL,NULL,NULL,1,NULL,NULL,NULL,164),(215,_binary '','2025-09-01',NULL,NULL,NULL,1,NULL,NULL,NULL,165),(216,_binary '','2025-09-16',NULL,NULL,NULL,1,NULL,NULL,NULL,166),(217,_binary '','2025-08-14',NULL,NULL,NULL,1,NULL,NULL,NULL,167),(218,_binary '','2025-09-28',NULL,NULL,NULL,1,NULL,NULL,NULL,168),(219,_binary '','2025-08-28',NULL,NULL,NULL,1,NULL,NULL,NULL,169),(220,_binary '','2025-08-20',NULL,NULL,NULL,1,NULL,NULL,NULL,170),(221,_binary '','2025-09-01',NULL,NULL,NULL,1,NULL,NULL,NULL,171),(222,_binary '','2025-09-01',NULL,NULL,NULL,1,NULL,NULL,NULL,172);
/*!40000 ALTER TABLE `contrato` ENABLE KEYS */;
UNLOCK TABLES;

--
-- Table structure for table `curso`
--

DROP TABLE IF EXISTS `curso`;
/*!40101 SET @saved_cs_client     = @@character_set_client */;
/*!50503 SET character_set_client = utf8mb4 */;
CREATE TABLE `curso` (
  `curso_id` bigint NOT NULL AUTO_INCREMENT,
  `categoria` enum('ESCOLTA','GUARDA_DE_SEGURIDAD','MANEJADOR_CANINO','OPERADOR_DE_MEDIOS','SUPERVISOR') DEFAULT NULL,
  `fecha_curso` date DEFAULT NULL,
  `tipo_curso` enum('FUNDAMENTACION','REENTRENAMIENTO') DEFAULT NULL,
  `empleado_id` bigint DEFAULT NULL,
  `funcion_especifica` varchar(255) DEFAULT NULL,
  PRIMARY KEY (`curso_id`),
  KEY `FKc2n0pkebnxl5htk6nnx64jq8v` (`empleado_id`),
  CONSTRAINT `FKc2n0pkebnxl5htk6nnx64jq8v` FOREIGN KEY (`empleado_id`) REFERENCES `empleado` (`id`)
) ENGINE=InnoDB AUTO_INCREMENT=123 DEFAULT CHARSET=utf8mb4 COLLATE=utf8mb4_0900_ai_ci;
/*!40101 SET character_set_client = @saved_cs_client */;

--
-- Dumping data for table `curso`
--

LOCK TABLES `curso` WRITE;
/*!40000 ALTER TABLE `curso` DISABLE KEYS */;
INSERT INTO `curso` VALUES (1,'MANEJADOR_CANINO','2024-05-14','FUNDAMENTACION',100,NULL),(2,'SUPERVISOR','2024-09-14','REENTRENAMIENTO',16,NULL),(3,'OPERADOR_DE_MEDIOS','2024-10-21','FUNDAMENTACION',50,NULL),(4,'OPERADOR_DE_MEDIOS','2024-10-21','REENTRENAMIENTO',16,NULL),(5,'MANEJADOR_CANINO','2005-06-20','FUNDAMENTACION',116,NULL),(6,'GUARDA_DE_SEGURIDAD','2024-08-21','FUNDAMENTACION',116,NULL),(7,'GUARDA_DE_SEGURIDAD','2024-08-22','FUNDAMENTACION',126,NULL),(8,'SUPERVISOR','2014-01-20','FUNDAMENTACION',127,NULL),(9,'ESCOLTA','2024-09-13','REENTRENAMIENTO',127,NULL),(11,'ESCOLTA','2024-08-22','REENTRENAMIENTO',116,NULL),(12,'OPERADOR_DE_MEDIOS','2024-08-12','REENTRENAMIENTO',126,NULL),(13,'OPERADOR_DE_MEDIOS','2025-08-19','REENTRENAMIENTO',126,NULL),(14,'OPERADOR_DE_MEDIOS','2024-08-19','REENTRENAMIENTO',116,NULL),(15,'SUPERVISOR','2024-08-22','REENTRENAMIENTO',116,NULL),(16,'MANEJADOR_CANINO','2024-08-10','REENTRENAMIENTO',100,NULL),(17,'GUARDA_DE_SEGURIDAD','2024-08-10','FUNDAMENTACION',128,NULL),(18,'GUARDA_DE_SEGURIDAD','2025-08-05','REENTRENAMIENTO',128,NULL),(25,'ESCOLTA','2024-08-23','FUNDAMENTACION',54,NULL),(26,'OPERADOR_DE_MEDIOS','2024-08-30','FUNDAMENTACION',105,NULL),(27,'MANEJADOR_CANINO','2024-09-15','REENTRENAMIENTO',120,NULL),(28,'OPERADOR_DE_MEDIOS','2024-08-14','REENTRENAMIENTO',112,NULL),(29,'MANEJADOR_CANINO','2024-09-15','REENTRENAMIENTO',73,NULL),(30,'ESCOLTA','2025-09-10','FUNDAMENTACION',120,NULL),(31,'GUARDA_DE_SEGURIDAD','2024-09-10','REENTRENAMIENTO',29,NULL),(32,'ESCOLTA','2024-09-02','FUNDAMENTACION',105,NULL),(33,'GUARDA_DE_SEGURIDAD','2024-08-25','REENTRENAMIENTO',88,NULL),(34,'OPERADOR_DE_MEDIOS','2025-09-10','REENTRENAMIENTO',116,NULL),(35,'MANEJADOR_CANINO','2024-08-31','REENTRENAMIENTO',32,NULL),(36,'SUPERVISOR','2024-08-10','REENTRENAMIENTO',108,NULL),(37,'SUPERVISOR','2024-08-30','REENTRENAMIENTO',108,NULL),(38,'MANEJADOR_CANINO','2024-08-20','FUNDAMENTACION',111,NULL),(39,'MANEJADOR_CANINO','2024-09-10','REENTRENAMIENTO',111,NULL),(40,'ESCOLTA','2024-09-20','FUNDAMENTACION',88,NULL),(41,'ESCOLTA','2024-09-04','REENTRENAMIENTO',17,NULL),(42,'GUARDA_DE_SEGURIDAD','2024-08-12','REENTRENAMIENTO',109,NULL),(43,'OPERADOR_DE_MEDIOS','2024-09-02','REENTRENAMIENTO',103,NULL),(44,'GUARDA_DE_SEGURIDAD','2025-03-20','REENTRENAMIENTO',84,NULL),(45,'OPERADOR_DE_MEDIOS','2024-08-30','FUNDAMENTACION',67,NULL),(46,'OPERADOR_DE_MEDIOS','2025-08-22','REENTRENAMIENTO',112,NULL),(47,'GUARDA_DE_SEGURIDAD','2025-08-30','REENTRENAMIENTO',54,NULL),(48,'SUPERVISOR','2024-08-01','REENTRENAMIENTO',54,NULL),(49,'MANEJADOR_CANINO','2024-08-02','REENTRENAMIENTO',95,NULL),(51,'GUARDA_DE_SEGURIDAD','2024-08-29','REENTRENAMIENTO',78,NULL),(52,'SUPERVISOR','2024-09-10','REENTRENAMIENTO',94,NULL),(53,'GUARDA_DE_SEGURIDAD','2023-02-14','FUNDAMENTACION',54,NULL),(54,'GUARDA_DE_SEGURIDAD','2024-08-24','FUNDAMENTACION',44,NULL),(55,'MANEJADOR_CANINO','2005-06-20','REENTRENAMIENTO',101,NULL),(56,'MANEJADOR_CANINO','2005-06-20','REENTRENAMIENTO',32,NULL),(59,'GUARDA_DE_SEGURIDAD','2025-02-10','FUNDAMENTACION',131,NULL),(61,'GUARDA_DE_SEGURIDAD','2025-02-15','REENTRENAMIENTO',109,NULL),(62,'SUPERVISOR','2025-02-12','REENTRENAMIENTO',105,NULL),(63,'MANEJADOR_CANINO','2024-10-12','REENTRENAMIENTO',95,NULL),(64,'SUPERVISOR','2000-02-11','REENTRENAMIENTO',105,NULL),(65,'GUARDA_DE_SEGURIDAD','2024-08-20','REENTRENAMIENTO',132,NULL),(69,'OPERADOR_DE_MEDIOS','2024-08-28','REENTRENAMIENTO',133,NULL),(70,'GUARDA_DE_SEGURIDAD','2024-09-30','FUNDAMENTACION',116,'GUARDA LIDER'),(71,'GUARDA_DE_SEGURIDAD','2024-08-20','FUNDAMENTACION',134,NULL),(72,'GUARDA_DE_SEGURIDAD','0205-08-25','REENTRENAMIENTO',134,NULL),(73,'GUARDA_DE_SEGURIDAD','2024-09-30','REENTRENAMIENTO',75,NULL),(75,'GUARDA_DE_SEGURIDAD','2024-08-25','REENTRENAMIENTO',123,NULL),(77,'OPERADOR_DE_MEDIOS','2024-09-10','FUNDAMENTACION',137,NULL),(78,'GUARDA_DE_SEGURIDAD','2024-11-11','REENTRENAMIENTO',132,NULL),(79,'SUPERVISOR','2024-08-02','FUNDAMENTACION',132,NULL),(80,'MANEJADOR_CANINO','2024-08-02','REENTRENAMIENTO',95,NULL),(81,'MANEJADOR_CANINO','2024-08-02','REENTRENAMIENTO',95,NULL),(83,'GUARDA_DE_SEGURIDAD','2024-09-02','FUNDAMENTACION',139,NULL),(84,'GUARDA_DE_SEGURIDAD','2025-07-29','REENTRENAMIENTO',78,NULL),(85,'ESCOLTA','2024-09-05','REENTRENAMIENTO',140,NULL),(86,'GUARDA_DE_SEGURIDAD','2025-09-05','REENTRENAMIENTO',75,NULL),(87,'GUARDA_DE_SEGURIDAD','2024-09-02','REENTRENAMIENTO',144,NULL),(88,'MANEJADOR_CANINO','2024-09-15','REENTRENAMIENTO',145,NULL),(89,'SUPERVISOR','2025-09-01','REENTRENAMIENTO',127,NULL),(90,'GUARDA_DE_SEGURIDAD','2024-09-01','FUNDAMENTACION',146,NULL),(91,'GUARDA_DE_SEGURIDAD','2024-09-30','REENTRENAMIENTO',146,NULL),(92,'OPERADOR_DE_MEDIOS','2024-09-20','FUNDAMENTACION',147,NULL),(93,'OPERADOR_DE_MEDIOS','2024-09-01','FUNDAMENTACION',150,NULL),(94,'MANEJADOR_CANINO','2025-09-01','REENTRENAMIENTO',151,NULL),(95,'ESCOLTA','2025-09-01','FUNDAMENTACION',152,NULL),(96,'OPERADOR_DE_MEDIOS','2025-09-02','REENTRENAMIENTO',154,'GUARDA LIDER'),(97,'ESCOLTA','2025-09-14','REENTRENAMIENTO',155,'INSTRUCTOR'),(98,'MANEJADOR_CANINO','2024-08-02','REENTRENAMIENTO',70,NULL),(99,'ESCOLTA','2024-08-02','FUNDAMENTACION',70,'INSTRUCTOR'),(100,'MANEJADOR_CANINO','2024-08-02','REENTRENAMIENTO',70,NULL),(101,'ESCOLTA','2024-08-02','FUNDAMENTACION',70,'INSTRUCTOR'),(102,'MANEJADOR_CANINO','2024-08-02','REENTRENAMIENTO',70,NULL),(103,'ESCOLTA','2024-08-02','FUNDAMENTACION',70,'INSTRUCTOR'),(104,'GUARDA_DE_SEGURIDAD','2025-09-08','REENTRENAMIENTO',156,'GUARDA LIDER'),(106,'GUARDA_DE_SEGURIDAD','2025-09-02','REENTRENAMIENTO',157,'GUARDA LIDER'),(107,'OPERADOR_DE_MEDIOS','2025-09-02','FUNDAMENTACION',157,'OPERADORA LIDER'),(108,'GUARDA_DE_SEGURIDAD','2025-09-16','FUNDAMENTACION',158,'PROBANDO DOCUMENTOS'),(109,'ESCOLTA','2025-09-09','REENTRENAMIENTO',158,''),(110,'SUPERVISOR','2025-09-08','FUNDAMENTACION',159,''),(111,'SUPERVISOR','2025-09-16','REENTRENAMIENTO',159,'SUPERVISOR LÍDER'),(112,'OPERADOR_DE_MEDIOS','2025-09-08','FUNDAMENTACION',162,''),(113,'OPERADOR_DE_MEDIOS','2025-09-17','REENTRENAMIENTO',162,'GUARDA LIDER'),(114,'GUARDA_DE_SEGURIDAD','2025-08-31','REENTRENAMIENTO',164,'GUARDA LÍDER'),(115,'MANEJADOR_CANINO','2025-08-31','REENTRENAMIENTO',165,'INSTRUCTOR CANINO'),(116,'GUARDA_DE_SEGURIDAD','2025-10-08','FUNDAMENTACION',167,NULL),(117,'GUARDA_DE_SEGURIDAD','2024-09-28','REENTRENAMIENTO',167,'GUARDA LIDER'),(118,'GUARDA_DE_SEGURIDAD','2022-06-23','FUNDAMENTACION',168,NULL),(119,'GUARDA_DE_SEGURIDAD','2024-09-25','REENTRENAMIENTO',168,NULL),(120,'GUARDA_DE_SEGURIDAD','2024-12-04','FUNDAMENTACION',170,NULL),(121,'GUARDA_DE_SEGURIDAD','2024-10-12','FUNDAMENTACION',171,NULL),(122,'GUARDA_DE_SEGURIDAD','2025-10-14','FUNDAMENTACION',112,'GUARDA LÍDER');
/*!40000 ALTER TABLE `curso` ENABLE KEYS */;
UNLOCK TABLES;

--
-- Table structure for table `empleado`
--

DROP TABLE IF EXISTS `empleado`;
/*!40101 SET @saved_cs_client     = @@character_set_client */;
/*!50503 SET character_set_client = utf8mb4 */;
CREATE TABLE `empleado` (
  `id` bigint NOT NULL AUTO_INCREMENT,
  `apellidos` varchar(255) DEFAULT NULL,
  `cargo` varchar(255) DEFAULT NULL,
  `ciudad_expedicion` varchar(255) DEFAULT NULL,
  `correo` varchar(255) DEFAULT NULL,
  `direccion` varchar(255) DEFAULT NULL,
  `edad` int NOT NULL,
  `estado_civil` enum('CASADO','SEPARADO','SOLTERO','UNION_LIBRE','VIUDO') DEFAULT NULL,
  `fecha_nacimiento` date DEFAULT NULL,
  `genero` enum('FEMENINO','MASCULINO') DEFAULT NULL,
  `libreta_militar` enum('PRIMERA','SEGUNDA','NO_TIENE') DEFAULT NULL,
  `lugar_nacimiento` varchar(255) DEFAULT NULL,
  `nombres` varchar(255) DEFAULT NULL,
  `numero_documento` varchar(255) DEFAULT NULL,
  `telefono` varchar(255) DEFAULT NULL,
  `tipo_documento` enum('CC','CE','TI','PPT') DEFAULT NULL,
  `tipo_empleado` enum('ADMINISTRATIVO','OPERATIVO') DEFAULT NULL,
  `tipo_poblacion` enum('AFRODESCENDIENTE','RAIZAL','INDIGENA','GITANO','PALENQUERO','NO_APLICA') DEFAULT NULL,
  PRIMARY KEY (`id`),
  UNIQUE KEY `UNIQUE_correo` (`correo`),
  UNIQUE KEY `UNIQUE_numero_documento` (`numero_documento`)
) ENGINE=InnoDB AUTO_INCREMENT=173 DEFAULT CHARSET=utf8mb4 COLLATE=utf8mb4_0900_ai_ci;
/*!40101 SET character_set_client = @saved_cs_client */;

--
-- Dumping data for table `empleado`
--

LOCK TABLES `empleado` WRITE;
/*!40000 ALTER TABLE `empleado` DISABLE KEYS */;
INSERT INTO `empleado` VALUES (16,'Sánchez Zapata','SUPERVISOR','Manizales','prueba1@hotmail.com','avenida siempre muerta',27,'CASADO','1998-06-29','MASCULINO','SEGUNDA','Manizales','Fabio de Francisco','10320654','3221544587','CC','OPERATIVO',NULL),(17,'SANTAFE ARIAS','ESCOLTA','Pereira','prueba2@hotmail.com','Barrio VillaCarmenza',50,'UNION_LIBRE','1975-09-10','MASCULINO','SEGUNDA','Dosquebradas Risaralda','EDWIN LEONIDAS','1054625984','3221544587','CC','OPERATIVO',NULL),(18,'López Rivera','OPERATIVO','Manizales','prueba3@hotmail.com','avenida siempre muerta',47,'CASADO','1978-05-24','MASCULINO','SEGUNDA','Pereira','Hermán José','75084598','3104529867','CE','OPERATIVO',NULL),(19,'Grisales Ochoa','SUPERVISOR','España','prueba4@hotmail.com','Barrio Comuneros',31,'UNION_LIBRE','1994-05-13','MASCULINO','PRIMERA','Manizales','Luis Fernando','1054325648','3012589764','CC','OPERATIVO',NULL),(21,'TRESPALACIOS','ALMACENISTA','Bogotá DC','prueba5@hotmail.com','Av. Boyacá',26,'CASADO','1999-06-24','MASCULINO','SEGUNDA','Cundinamarca','DANIEL ANDRÉS','1054875632','608877548','CC','ADMINISTRATIVO',NULL),(22,'Otálvaro Vásquez','OPERADOR DE MEDIOS','Manizales','prueba6@hotmail.com','Barrio Malabar',40,'SOLTERO','1985-06-15','MASCULINO','SEGUNDA','Manizales','Jhon James E','1052365987','3059875412','CC','OPERATIVO',NULL),(23,'Garro','AUXILIAR DE CONTABILIDAD','Itagui','prueba7@hotmail.com','Barrio Fátima',51,'CASADO','1974-10-18','MASCULINO','PRIMERA','Medellín','Mario Iván','75042563','3021479865','CC','ADMINISTRATIVO',NULL),(24,'Gomez Calderon','OPERATIVO','Manizales','prueba8@hotmail.com','avenida siempre muerta',61,'CASADO','1964-02-10','MASCULINO','PRIMERA','Manizales','Luis Jaime','10269584','3002224455','CC','ADMINISTRATIVO',NULL),(25,'De las Nieves','OPERADOR DE MEDIOS','Mexico','prueba9@hotmail.com','Barrio la Arboleda',32,'UNION_LIBRE','1993-06-25','FEMENINO','SEGUNDA','Guadalajara','María Antonieta','30269856','300258745','CE','OPERATIVO',NULL),(26,'MARÍN SOTO','AUXILIAR CONTABLE','Manizales','prueba10@hotmail.com','Barrio Peralonso',49,'CASADO','1976-06-29','FEMENINO','SEGUNDA','Manizales','LILIANA CARMENZA','30254111','321800223','CC','ADMINISTRATIVO',NULL),(27,'Arbelaez Cuervo','SERVICIOS GENERALES','Manizales','prueba11@hotmail.com','Barrio Pio XII',25,'CASADO','2000-04-19','FEMENINO','SEGUNDA','Chinchina','Adriana María','30254145','302134511','CC','OPERATIVO',NULL),(28,'SALAZAR BOLAÑOS','JEFE DE MERCADEO','Manizales','prueba12@hotmail.com','Barrio La Arboleda',60,'CASADO','1965-05-12','FEMENINO','SEGUNDA','Manizales','LUZ MARINA','30054789','3024587964','CC','ADMINISTRATIVO',NULL),(29,'Villada Sánchez','GUARDA DE SEGURIDAD','Pereira','prueba13@hotmail.com','Barrio el Guamal',24,'SOLTERO','2001-05-14','FEMENINO','SEGUNDA','Medellín','Katerine Michell','1056236598','3002569874','CC','OPERATIVO',NULL),(30,'POSADA GÓMEZ','GUARDA DE SEGURIDAD','Caldas','prueba14@hotmail.com','Barrio La Praga',71,'CASADO','1954-02-10','MASCULINO','PRIMERA','Risaralda','LUIS ALBERTO','10258974','3016587945','CC','OPERATIVO',NULL),(31,'De Angelis Rodríguez','RECURSOS HUMANOS','Buenos Aires','prueba15@hotmail.com','Barrio Mendoza',60,'UNION_LIBRE','1965-07-10','MASCULINO','PRIMERA','Argentina','José Alfredo','4265987','3102457849','CE','ADMINISTRATIVO',NULL),(32,'BALLESTEROS ARBELAEZ','MANEJADOR CANINO','Manizales','prueba16@hotmail.com','Barrio La Candelaria',27,'SOLTERO','1998-02-10','MASCULINO','SEGUNDA','Manizales','EMMANUEL','102225558','256897452','CC','OPERATIVO',NULL),(33,'Patiño','LOCUTOR','Cundinamarca','prueba17@hotmail.com','Barrio la Castellana',32,'CASADO','1993-08-14','MASCULINO','SEGUNDA','Bogotá','Romel Luis','75100266','888556622','CC','ADMINISTRATIVO',NULL),(34,'ARCILA','ASISTENTE DE RH','CUNDINAMARCA','prueba18@hotmail.com','Barrio la Castellana',25,'UNION_LIBRE','2000-07-04','MASCULINO','PRIMERA','Bogotá','RAFAEL AUGUSTO','75100267','888556622','CE','ADMINISTRATIVO',NULL),(35,'QUINTERO','SECRETARIA DE GERENCIA','Valle del Cauca','prueba19@hotmail.com','Barrio La Candelaria',55,'SEPARADO','1970-10-19','FEMENINO','SEGUNDA','Cali','EUFROSINA','30589999','3002225689','CC','ADMINISTRATIVO',NULL),(36,'SÁNCHEZ ZAPATA','MANEJADOR CANINO','Buenos Aires','prueba21@hotmail.com','Manzana cASA La Linda',26,'UNION_LIBRE','1999-07-03','MASCULINO','PRIMERA','Medellín','JOSÉ ALFREDO','11223344','31356985478','CE','OPERATIVO',NULL),(37,'SÁNCHEZ LÓPEZ','GUARDA DE SEGURIDAD','Buenos Aires','prueba217777@hotmail.com','Manzana cASA La Linda',37,'UNION_LIBRE','1988-07-03','MASCULINO','PRIMERA','Medellín','JOSÉ ALFREDO','11223399','31356985478','CE','OPERATIVO',NULL),(38,'Gardel','CONTABILIDAD','Buenos Aires','prueba22@hotmail.com','Manzana cASA La Linda',90,'VIUDO','1935-05-16','MASCULINO','SEGUNDA','Francia Paris','Carlos Arturo','21212112','3002224455','CC','ADMINISTRATIVO',NULL),(39,'SARMIENTO','RECEPCIONISTA','Buenos Aires','prueba23@hotmail.com','Calle 66a numero 30-c20',26,'SOLTERO','1999-06-10','FEMENINO','NO_TIENE','Argentina','CATALINA','99223344','96584711','CC','ADMINISTRATIVO',NULL),(40,'Sarmiento','PARAPENTISTA','Buenos Aires','prueba24@hotmail.com','Calle 66a numero 30-c20',26,'SOLTERO','1999-06-10','FEMENINO','PRIMERA','Argentina','Catalina','99220044','96584711','CC','ADMINISTRATIVO',NULL),(41,'Valderrama','PARAPENTISTA','Barranquilla','prueba25@hotmail.com','Calle 66a numero 30-c20',55,'CASADO','1970-05-12','MASCULINO','PRIMERA','Colombia','Carlos el Pibe','66558877','96584711','CC','ADMINISTRATIVO',NULL),(42,'Marín','SECRETARIA','Bogota','prueba30@hotmail.com','Barrio Peralonso',49,'CASADO','1976-06-29','FEMENINO','SEGUNDA','Zipaquira','Liliana Carmenza','30257581','321800223','CC','ADMINISTRATIVO',NULL),(43,'Valderrama','PARAPENTISTA','Barranquilla','prueba26@hotmail.com','Calle 66a numero 30-c20',55,'CASADO','1970-05-12','MASCULINO','PRIMERA','Colombia','Carlos el Pibe','66558822','96584711','CC','ADMINISTRATIVO',NULL),(44,'SAVALARRIETA','GUARDA DE SEGURIDAD','Portugal','prueba27@hotmail.com','Barrio Mendoza',28,'SOLTERO','1997-02-10','FEMENINO','PRIMERA','España','POLICARPA','30658794','3002224455','CE','OPERATIVO',NULL),(45,'Fernández','GERENTE GENERAL','MEXICO','prueba28@hotmail.com','Barrio el Bosque',83,'CASADO','1942-08-15','MASCULINO','SEGUNDA','GUADALAJARA','Vicente','10457000','3002224455','CE','ADMINISTRATIVO',NULL),(46,'Cameron','DIRECTOR','kansas','prueba29@hotmail.com','Barrio La Carola',74,'CASADO','1950-11-07','MASCULINO','SEGUNDA','Estados Unidos','James','18598642','96584711','CC','ADMINISTRATIVO',NULL),(47,'Bolivar','GENERAL','Venezuela','prueba31@hotmail.com','Barrio VillaCarmenza',35,'UNION_LIBRE','1990-05-14','MASCULINO','PRIMERA','Caracas','Simón','3256987','31356985478','CC','ADMINISTRATIVO',NULL),(48,'Santander','LIBERTADOR','Bogota','prueba32@hotmail.com','Barrio Cervantes',140,'CASADO','1885-05-23','MASCULINO','PRIMERA','Santa Marta','Francisco de Paula','2154879','3002224455','CC','ADMINISTRATIVO',NULL),(50,'CASTRO','GUARDA DE SEGURIDAD','Manizales','prueba33@hotmail.com','Barrio Cervantes',54,'CASADO','1970-11-12','MASCULINO','SEGUNDA','Manizales','CARLOS JULIÁN','1515487','3135698547','CC','OPERATIVO',NULL),(51,'Sánchez Zapata','JEFE DE MONITOREO','Manizales','prueba34@hotmail.com','Barrio La Carola',35,'SOLTERO','1990-07-09','MASCULINO','SEGUNDA','Manizales','FABIO DE FRANCISCO','10220335','3002224455','CC','ADMINISTRATIVO',NULL),(52,'GARCÍA SOTO','JEFE DE RECURSOS HUMANOS','Medellin','prueba35@hotmail.com','Barrio Mendoza',25,'CASADO','2000-04-15','MASCULINO','SEGUNDA','Manizales','GABRIEL JAIME','1054889600','3004412587','CE','ADMINISTRATIVO',NULL),(53,'VALBUENA','ASISTENTE TECNICO','Buenos Aires','prueba36@hotmail.com','avenida siempre VIVA',17,'SOLTERO','2008-06-12','MASCULINO','SEGUNDA','Medellín','CRISTIAN CAMILO','11223388','3002224455','PPT','ADMINISTRATIVO',NULL),(54,'ABADÍA','MENSAJERO','Bogotá DC','prueba37@hotmail.com','Barrio La Carola',50,'VIUDO','1975-08-17','MASCULINO','PRIMERA','Pereira','LUIS ERNESTO','10457009','3004412587','PPT','ADMINISTRATIVO',NULL),(55,'GIRALDO','GUARDA DE SEGURIDAD','Manizales','prueba38@hotmail.com','Barrio Mendoza',51,'CASADO','1974-07-15','MASCULINO','PRIMERA','Manizales','JHON FREDDY','1053625987','3002224455','CC','OPERATIVO',NULL),(56,'Carvajal Hoyos','SUPERVISOR','Manizales','prueba39@hotmail.com','Barrio La Carola',37,'CASADO','1988-02-16','MASCULINO','SEGUNDA','Manizales','Luis Mauricio','1110256984','96584711','CC','OPERATIVO',NULL),(57,'Sanchez','SERVICIOS GENERALES','Rioblanco','prueba40@hotmail.com','Barrio Pio XII',50,'CASADO','1975-08-15','MASCULINO','SEGUNDA','Montenegro','Julio Cesar','4785965','3104451176','CE','ADMINISTRATIVO',NULL),(58,'MONTANER','JEFE DE SISTEMAS','Venezuela','prueba41@hotmail.com','Barrio Mendoza',55,'CASADO','1970-04-15','MASCULINO','SEGUNDA','Caracas','RICARDO','10659874','300441258','CC','ADMINISTRATIVO',NULL),(59,'MONCADA','TECNICO EN ALARMAS','Venezuela','prueba42@hotmail.com','Barrio Mendoza',55,'CASADO','1970-04-15','MASCULINO','SEGUNDA','Caracas','RICARDO JULIÁN','10659888','300441258','CC','ADMINISTRATIVO',NULL),(60,'ABADÍA RESTREPO','GERENTE OPERATIVO','New York','prueba43@hotmail.com','Barrio Mendoza',50,'SOLTERO','1975-03-23','MASCULINO','PRIMERA','Montenegro','DANIEL ANDRÉS','11223300','3002224455','CC','ADMINISTRATIVO',NULL),(61,'BALMORE ARANGO','ESCOLTA','España','prueba44@hotmail.com','Barrio Mendoza',26,'SOLTERO','1999-01-22','MASCULINO','NO_TIENE','Medellín','LUIS ERNESTO','120120120','3002224455','CC','OPERATIVO',NULL),(62,'RIOS HERNÁNDEZ','GUARDA DE SEGURIDAD','España','prueba45@hotmail.com','Barrio Mendoza',26,'UNION_LIBRE','1999-01-22','MASCULINO','PRIMERA','Medellín','LUIS ERNESTO','12012018','3002224455','CE','OPERATIVO',NULL),(63,'Arbelaez Cuervo','OPERATIVO','Manizales','prueba46@hotmail.com','Barrio Cervantes',26,'SOLTERO','1999-07-22','FEMENINO','PRIMERA','Cundinamarca','Fabio de Francisco','10220300','3002224455','CC','OPERATIVO',NULL),(64,'Arbelaez Cuervo','OPERATIVO','Manizales','prueba47@hotmail.com','Barrio Cervantes',25,'SOLTERO','2000-07-22','FEMENINO','PRIMERA','Cundinamarca','Fabio de Francisco','1022023','3002224455','CC','OPERATIVO',NULL),(65,'Trespalacios','OPERATIVO','Manizales','prueba48@hotmail.com','Barrio Mendoza',25,'UNION_LIBRE','2000-07-22','FEMENINO','PRIMERA','Cundinamarca','Fabio de Francisco','112290890','31356985478','CE','ADMINISTRATIVO',NULL),(66,'Trespalacios','OPERATIVO','Manizales','prueba49@hotmail.com','Barrio Cervantes',40,'SOLTERO','1985-07-22','FEMENINO','PRIMERA','Cundinamarca','Fabio de Francisco','1123456','31356985478','CE','OPERATIVO',NULL),(67,'NARANJO','OPERADOR DE MEDIOS','Manizales','prueba50@hotmail.com','Barrio Mendoza',26,'UNION_LIBRE','1999-07-22','MASCULINO','PRIMERA','Cundinamarca','OSCAR','70020335','3002224455','CC','OPERATIVO',NULL),(68,'Grisales Patiño','OPERADOR DE MEDIOS','Manizales','prueba51@hotmail.com','avenida siempre muerta',25,'SOLTERO','2000-07-22','MASCULINO','PRIMERA','Cundinamarca','Luis Fernando','11226666','3002224455','CE','OPERATIVO',NULL),(69,'Arbelaez Cuervo','SERVICIOS GENERALES','España','prueba52@hotmail.com','Barrio Mendoza',26,'SOLTERO','1999-09-26','FEMENINO','PRIMERA','Cundinamarca','Adriana María','46597845','3002224455','PPT','OPERATIVO',NULL),(70,'Arbelaez Cuervo','OPERATIVO','Manizales','prueba53@hotmail.com','Barrio Mendoza',45,'SOLTERO','1980-07-22','FEMENINO','PRIMERA','Cundinamarca','Adriana María','998871111','3002224455','PPT','OPERATIVO',NULL),(71,'Trespalacios','TECNICO DE ALARMAS','Manizales','prueba54@hotmail.com','Barrio Cervantes',47,'UNION_LIBRE','1978-07-22','MASCULINO','PRIMERA','Cundinamarca','Fabio de Francisco','1122345','3002224455','CC','ADMINISTRATIVO',NULL),(72,'Suarez','SERVICIOS GENERALES','Bogotá DC','prueba55@hotmail.com','Barrio Mendoza',39,'SOLTERO','1986-05-12','FEMENINO','PRIMERA','Manizales','Sandra Liliana','4657681','3002224455','CC','OPERATIVO',NULL),(73,'SUAREZ','GUARDA DE SEGURIDAD','Bogotá DC','prueba56@hotmail.com','Barrio Mendoza',39,'SOLTERO','1986-05-12','FEMENINO','PRIMERA','Manizales','SANDRA LILIANA','4657680','3002224455','CC','OPERATIVO',NULL),(74,'Suarez','SERVICIOS GENERALES','Bogotá DC','prueba57@hotmail.com','Barrio Mendoza',39,'SOLTERO','1986-05-12','FEMENINO','PRIMERA','Manizales','Sandra Liliana','46576801','3002224455','CC','OPERATIVO',NULL),(75,'ARBELAEZ CUERVO','GUARDA DE SEGURIDAD','España','prueba58@hotmail.com','Barrio Mendoza',50,'SOLTERO','1975-07-22','MASCULINO','SEGUNDA','Cundinamarca','JOSÉ ALFREDO','5825368','3002224455','CE','OPERATIVO',NULL),(76,'Trespalacios Vaquero','OPERATIVO','España','prueba59@hotmail.com','Barrio Mendoza',0,'SEPARADO','2025-07-22','MASCULINO','PRIMERA','Medellín','Adriana María','112233142','3002224455','CE','ADMINISTRATIVO',NULL),(77,'CAÑAS GORDAS','PSICOLOGA','Manizales','prueba60@hotmail.com','avenida siempre muerta',51,'SOLTERO','1973-12-31','FEMENINO','SEGUNDA','Manizales','MARGARITA MARÍA','30415784','3004412587','CC','ADMINISTRATIVO',NULL),(78,'Alzate','GUARDA DE SEGURIDAD','Manizales','prueba61@hotmail.com','avenida siempre muerta',35,'UNION_LIBRE','1990-08-15','FEMENINO','SEGUNDA','Manizales','Lorena María','30562487','3002224455','CC','OPERATIVO',NULL),(79,'RESTREPO','MANEJADOR CANINO','Manizales','prueba62@hotmail.com','Barrio Comuneros',55,'CASADO','1970-06-15','MASCULINO','SEGUNDA','Manizales','WILSON','10234576','3134596859','CC','OPERATIVO',NULL),(80,'Zuluaga','OPERADOR DE MEDIOS','Manizales','prueba63@hotmail.com','Barrio Mendoza',26,'SOLTERO','1999-06-15','MASCULINO','SEGUNDA','Manizales','Renato','105468790','3004412587','CC','OPERATIVO',NULL),(81,'Galvez','GUARDA DE SEGURIDAD','Manizales','prueba64@hotmail.com','BARRIO LA CAROLA',12,'CASADO','2013-10-15','MASCULINO','SEGUNDA','Manizales','Gerónimo','1060523654','3004412587','CC','OPERATIVO',NULL),(82,'ARISTIZABAL','TECNICO','Manizales','prueba65@hotmail.com','BARRIO LA LINDA',47,'SOLTERO','1978-08-14','FEMENINO','NO_TIENE','Manizales','CARMEN TULIA','30230430','3135987844','CC','ADMINISTRATIVO',NULL),(83,'LÓPEZ','JEFE DE OPERACIONES','Manizales','prueba66@hotmail.com','Barrio Comuneros',55,'CASADO','1970-07-16','MASCULINO','PRIMERA','Manizales','ALEXANDER','10258478','3004412587','CE','ADMINISTRATIVO',NULL),(84,'GÓMEZ BENJUMEA','SECRETARIA','Manizales','prueba67@hotmail.com','Barrio chipre',55,'CASADO','1970-07-15','FEMENINO','SEGUNDA','Manizales','LINA MARÍA','30258741','3112658479','CC','ADMINISTRATIVO',NULL),(85,'VALDERRAMA','GUARDA DE SEGURIDAD','SantaMarta','prueba68@hotmail.com','Av. Boyacá',59,'CASADO','1965-11-04','MASCULINO','SEGUNDA','Barranquilla','CARLOS EL PIBE','10265897','3134596859','CC','OPERATIVO',NULL),(86,'HENAO','MENSAJERO','Medellin','prueba69@hotmail.com','Barrio Mendoza',63,'CASADO','1962-02-15','MASCULINO','SEGUNDA','MEDELLIN','JUAN CARLOS','10289475','3004412587','CC','OPERATIVO',NULL),(87,'Rico Betancurt','PSICOLOGA','Manizales','prueba70@hotmail.com','Barrio Mendoza',45,'CASADO','1980-07-25','FEMENINO','NO_TIENE','Manizales','Magda Elena','30859641','3002224455','PPT','ADMINISTRATIVO',NULL),(88,'ZULUAGA','GUARDA DE SEGURIDAD','Bogotá DC','prueba71@hotmail.com','Barrio Mendoza',38,'CASADO','1987-06-14','MASCULINO','NO_TIENE','Medellin','RIGOBERTO','1054874652','31356985478','PPT','OPERATIVO',NULL),(89,'BEDOYA','TECNICO','Bogotá DC','prueba72@hotmail.com','Barrio Mendoza',26,'VIUDO','1999-07-25','MASCULINO','SEGUNDA','Medellín','CARLOS EDUARDO','18596854','3002224455','PPT','ADMINISTRATIVO',NULL),(90,'Bermudez','OPERADOR DE MEDIOS','Manizales','prueba73@hotmail.com','Barrio Mendoza',15,'SOLTERO','2010-06-15','FEMENINO','PRIMERA','Manizales','Victoria','1058494651','3002224455','TI','OPERATIVO',NULL),(91,'Muñoz','JEFE DE ÁREA','Manizales','prueba74@hotmail.com','Barrio Mendoza',37,'SEPARADO','1987-12-12','FEMENINO','SEGUNDA','Manizales','Valeria María','15849756','3004412587','PPT','ADMINISTRATIVO',NULL),(92,'Cubides','SUPERVISOR','Bogotá DC','prueba75@hotmail.com','Barrio Mendoza',27,'SOLTERO','1998-08-12','MASCULINO','NO_TIENE','Manizales','José Danilo','102568974','3004412587','TI','OPERATIVO',NULL),(93,'MUÑOZ','GUARDA DE SEGURIDAD','Manizales','prueba76@hotmail.com','Barrio Comuneros',30,'CASADO','1995-06-15','FEMENINO','SEGUNDA','Manizales','TATIANA CARMENZA','1054878956','3104451176','TI','OPERATIVO',NULL),(94,'Arango','SUPERVISOR','Bogotá DC','prueba77@hotmail.com','avenida siempre muerta',53,'VIUDO','1972-07-14','MASCULINO','NO_TIENE','Cundinamarca','Diego Mauricio','10487562','3002224455','CC','OPERATIVO',NULL),(95,'Mendieta','MANEJADOR CANINO','Bogotá DC','prueba78@hotmail.com','Barrio Mendoza',25,'CASADO','2000-07-31','MASCULINO','PRIMERA','Cundinamarca','Luis Carlos','18956231','96584711','CC','OPERATIVO',NULL),(96,'Garzón','OPERADOR DE MEDIOS','Manizales','prueba79@hotmail.com','Barrio Comuneros',25,'VIUDO','2000-07-30','FEMENINO','PRIMERA','Manizales','Geraldine','1054879541','3002224455','CC','OPERATIVO',NULL),(97,'ZAPATA','ASISTENTE TECNICO','Cali','prueba80@hotmail.com','Barrio Comuneros',20,'SOLTERO','2005-04-15','MASCULINO','NO_TIENE','Cali','JUAN CARLOS','1058525632','3004412587','CC','ADMINISTRATIVO',NULL),(98,'VALENCIA OROZCO','MANEJADOR CANINO','Cali','prueba81@hotmail.com','Barrio Comuneros',20,'SOLTERO','2005-04-15','MASCULINO','NO_TIENE','Cali','JUAN CARLOS','1058525600','3004412587','TI','OPERATIVO',NULL),(99,'ARBELAEZ CUERVO','SERVICIOS GENERALES','Manizales','prueba82@hotmail.com','avenida siempre muerta',25,'SOLTERO','2000-02-11','MASCULINO','SEGUNDA','Cundinamarca','FABIO DE FRANCISCO','11223999','3002224455','CC','ADMINISTRATIVO',NULL),(100,'HIGUITA ALZATE','MANEJADOR CANINO','Medellin','prueba83@hotmail.com','Av. Boyacá',60,'CASADO','1965-06-15','MASCULINO','NO_TIENE','Medellin','IVÁN RENE','10258741','3002224455','CE','OPERATIVO',NULL),(101,'Higuita','MANEJADOR CANINO','Medellin','prueba84@hotmail.com','Av. Boyacá',60,'CASADO','1965-06-15','MASCULINO','NO_TIENE','Medellin','Iván Rene','10258799','3002224455','CE','OPERATIVO',NULL),(102,'OROZCO SÁNCHEZ','GUARDA DE SEGURIDAD','Manizales','prueba85@hotmail.com','Av. Boyacá',30,'CASADO','1995-10-14','FEMENINO','SEGUNDA','Manizales','YURI VANNESA','1054123897','3004412587','CC','OPERATIVO',NULL),(103,'Franco','OPERADOR DE MEDIOS','MANIZALES','prueba86@hotmail.com','Carrera 23 número 34 56',28,'CASADO','1997-06-15','FEMENINO','SEGUNDA','MANIZALES','Jennifer María','1055265326','3002224455','CE','OPERATIVO',NULL),(104,'ORTIZ','SUPERVISOR','MANIZALES','prueba87@hotmail.com','Barrio Comuneros',53,'CASADO','1972-05-14','MASCULINO','PRIMERA','MANIZALES','JHON JAMES','10231000','3004412587','CC','OPERATIVO',NULL),(105,'ALZATE MIRANDA','SUPERVISOR','MANIZALES','prueba88@hotmail.com','Barrio Mendoza',26,'SEPARADO','1999-08-05','MASCULINO','NO_TIENE','MANIZALES','RICHARD','105865231','3004412587','CE','OPERATIVO',NULL),(106,'SALDARRIAGA','GUARDA DE SEGURIDAD','BOGOTA','prueba89@hotmail.com','Barranquilla - Medallo',38,'SEPARADO','1987-05-30','FEMENINO','SEGUNDA','BOYACA','LUZ NANCY','1052265987','3004125695','TI','OPERATIVO',NULL),(107,'SALDARRIAGA','GUARDA DE SEGURIDAD','BOGOTA','prueba90@hotmail.com','Barranquilla - Medallo',38,'SEPARADO','1987-05-30','FEMENINO','SEGUNDA','BOYACA','LUZ NANCY','1052265980','3004125695','TI','OPERATIVO',NULL),(108,'LONDOÑO','SUPERVISOR','MANIZALES','prueba91@hotmail.com','Barrio Comuneros',60,'UNION_LIBRE','1965-05-14','MASCULINO','PRIMERA','MANIZALES','JOSE HERMEL','4123568','3002224455','CC','OPERATIVO',NULL),(109,'LÓPEZ','GUARDA DE SEGURIDAD','RISARALDA','prueba92@hotmail.com','Manzana 27 casa 515 La Linda',49,'UNION_LIBRE','1976-08-14','MASCULINO','PRIMERA','PEREIRA','HERMAN','75082154','6068912232','CC','OPERATIVO',NULL),(110,'DUQUE OSSA','GUARDA DE SEGURIDAD','MANIZALES','prueba93@hotmail.com','BARRIO FÁTIMA',50,'SOLTERO','1975-01-15','MASCULINO','SEGUNDA','MANIZALES','EDIVER ALFREDO','75104258','3004412587','CC','OPERATIVO',NULL),(111,'GARCIA','MANEJADOR CANINO','MEDELLIN','prueba94@hotmail.com','Barrio Comuneros',26,'UNION_LIBRE','1999-03-12','MASCULINO','PRIMERA','MEDELLIN','JUAN ALEJANDRO','1053265987','3004412587','CC','OPERATIVO',NULL),(112,'ACOSTA','OPERADOR DE MEDIOS','MANIZALES','prueba95@hotmail.com','Barrio la Arboleda',23,'SOLTERO','2002-04-26','FEMENINO','SEGUNDA','VILLAMARÍA','ANGIE PAOLA','1054741524','31356985478','CC','OPERATIVO',NULL),(113,'CARVAJAL','GUARDA DE SEGURIDAD','QUINDIO','prueba96@hotmail.com','Barrio Comuneros',54,'VIUDO','1971-09-14','MASCULINO','NO_TIENE','ARMENIA','ROBERTO LUIS','10245871','3004412587','CC','OPERATIVO',NULL),(114,'SANDOVAL','AUXILIAR DE RECURSOS HUMANOS','MANIZALES','prueba97@hotmail.com','Barrio Cervantes',16,'SOLTERO','2009-02-15','FEMENINO','NO_TIENE','MANIZALES','SAMANTA','1055265874','3004412587','TI','ADMINISTRATIVO',NULL),(115,'BOTERO','GUARDA DE SEGURIDAD','MANIZALES','prueba98@hotmail.com','Barrio Mendoza',25,'SEPARADO','2000-08-14','MASCULINO','NO_TIENE','QUINDIO','OSCAR JULIÁN','1053265000','3004412587','CE','OPERATIVO',NULL),(116,'BALLESTEROS GALLEGO','MANEJADOR CANINO','MANIZALES','prueba99@hotmail.com','Barrio Comuneros',50,'CASADO','1975-09-10','MASCULINO','PRIMERA','MANIZALES','DUVAN','75086155','3134596859','CC','OPERATIVO',NULL),(117,'BETANCURT','GUARDA DE SEGURIDAD','MANIZALES','prueba100@hotmail.com','Barrio la Arboleda',48,'CASADO','1977-05-12','FEMENINO','SEGUNDA','MANIZALES','ANA MARÍA','30254100','3004412587','CC','OPERATIVO',NULL),(118,'GUTIERREZ ALZATE','GUARDA DE SEGURIDAD','VALLE DEL CAUCA','prueba101@hotmail.com','Barrio Cervantes',26,'UNION_LIBRE','1999-07-31','MASCULINO','PRIMERA','CALI','JOSE DANIEL','10250202','3002224455','CC','OPERATIVO',NULL),(119,'OBANDO','TECNICO AUXILIAR','MANIZALES','prueba102@hotmail.com','Barrio Comuneros',37,'SOLTERO','1988-07-04','MASCULINO','SEGUNDA','MANIZALES','JAVIER DE JESUS','15487412','3002224455','CE','ADMINISTRATIVO',NULL),(120,'OCHOA SANCHEZ','GUARDA DE SEGURIDAD','MANIZALES','prueba103@hotmail.com','Barrio Comuneros',27,'UNION_LIBRE','1998-04-15','MASCULINO','PRIMERA','MANIZALES','JUAN MANUEL','1054874121','3002224455','CC','OPERATIVO',NULL),(121,'SANTOS','MERCADEO','BOGOTÁ','prueba104@hotmail.com','Barranquilla - Medallo',57,'CASADO','1968-06-14','MASCULINO','PRIMERA','BOGOTÁ','JUAN MANUEL','10236520','3004125695','CC','ADMINISTRATIVO',NULL),(122,'SANTACOLOMA','CONTADOR','MANIZALES','prueba105@hotmail.com','Barrio Cervantes',57,'CASADO','1968-03-14','MASCULINO','SEGUNDA','MANIZALES','JOSE EDGAR','10205263','3002224455','CC','ADMINISTRATIVO',NULL),(123,'MIRANDA','GUARDA DE SEGURIDAD','Bogota','prueba106@hotmail.com','Barrio Peralonso',49,'CASADO','1976-06-29','MASCULINO','SEGUNDA','Zipaquira','ISMAEL','10101011','321800223','CC','OPERATIVO',NULL),(124,'BETANCURT','RECEPCIONISTA','MANIZALES','prueba107@hotmail.com','Barrio Comuneros',47,'CASADO','1978-07-14','MASCULINO','PRIMERA','MANIZALES','CARLOS ALBERTO','10002111','3002224455','CC','ADMINISTRATIVO',NULL),(125,'DANGONG','OPERADOR DE MEDIOS','MAGDALENA','prueba108@hotmail.com','Barrio Comuneros',30,'CASADO','1995-06-14','MASCULINO','SEGUNDA','CORDOBA','SILVESTRE','1051265231','3002224455','CE','OPERATIVO',NULL),(126,'RINCON','GUARDA DE SEGURIDAD','CALI','prueba109@hotmail.com','Barrio Cervantes',24,'SOLTERO','2001-02-12','FEMENINO','SEGUNDA','MANIZALES','SATHYA','1055588744','3002224455','CC','OPERATIVO',NULL),(127,'BEDOYA','SUPERVISOR','MEDELLIN','prueba110@hotmail.com','Barrio Mendoza',33,'SEPARADO','1992-03-19','MASCULINO','PRIMERA','MEDELLIN','LUIS ALBERTO','16104255','3004412587','CC','OPERATIVO',NULL),(128,'MESSI','GUARDA DE SEGURIDAD','MENDOZA','prueba111@hotmail.com','Barrio Mendoza',32,'CASADO','1993-06-05','MASCULINO','NO_TIENE','BUENOS AIRES','LIONEL','17254784','3004412587','CE','OPERATIVO',NULL),(129,'RUÍZ','ASISTENTE RH','MANIZALES','prueba112@hotmail.com','Barrio Comuneros',17,'SOLTERO','2008-02-20','MASCULINO','NO_TIENE','MANIZALES','BRAYAN ESTIVEN','1058200233','3004412587','TI','ADMINISTRATIVO',NULL),(130,'LONDOÑO','AUXILIAR CONTABLE','MANIZALES','prueba113@hotmail.com','Barrio Cervantes',47,'CASADO','1978-06-14','FEMENINO','SEGUNDA','MANIZALES','MARÍA DE LOS ÁNGELES','10211417','3002224455','CC','ADMINISTRATIVO',NULL),(131,'VÁSQUEZ','GUARDA DE SEGURIDAD','MANIZALES','prueba114@hotmail.com','Barrio Cervantes',27,'SOLTERO','1998-05-12','MASCULINO','SEGUNDA','MANIZALES','JOSE ORLANDO','10360254','3104451176','CC','OPERATIVO',NULL),(132,'OSPINA','GUARDA DE SEGURIDAD','MEDELLIN','prueba115@hotmail.com','Barrio Comuneros',55,'SEPARADO','1970-02-15','MASCULINO','PRIMERA','RIONEGRO','OBDULIO','10214587','3002224455','CC','OPERATIVO',NULL),(133,'OSORIO','OPERADOR DE MEDIOS','ARMENIA','prueba116@hotmail.com','Barrio Comuneros',54,'CASADO','1971-02-20','FEMENINO','SEGUNDA','ARMENIA','MARÍA GERTRUDIS','10200300','3004412587','CC','OPERATIVO',NULL),(134,'URIBE RESTREPO','GUARDA DE SEGURIDAD','VENEZUELA','prueba117@hotmail.com','Barrio La Carola',26,'UNION_LIBRE','1999-08-14','MASCULINO','PRIMERA','VENEZUELA','DANIEL ANDRÉS','17210145','3135698547','PPT','OPERATIVO',NULL),(135,'MONTEZCO','AUXILIAR DE MONITOREO','ZARAGOZA','prueba118@hotmail.com','Barrio Comuneros',27,'SEPARADO','1997-11-05','MASCULINO','SEGUNDA','ZARAGOZA','JEAN CARLO','110055232','3004412587','CE','OPERATIVO',NULL),(136,'MURCIA VAQUERO','AUXILIAR DE RH','MANIZALES','prueba119@hotmail.com','Barrio Comuneros',18,'SOLTERO','2007-09-14','FEMENINO','NO_TIENE','MANIZALES','LAURA DAYANNA','1058541563','3004412587','TI','ADMINISTRATIVO',NULL),(137,'SOLORZANO','OPERADOR DE MEDIOS','MANIZALES','prueba120@hotmail.com','avenida siempre muerta',48,'SOLTERO','1977-10-25','FEMENINO','SEGUNDA','MANIZALES','VALERIA','30854745','3002224455','CC','OPERATIVO',NULL),(138,'VARGAS','JEFE DE PROYECTOS','MANIZALES','prueba121@hotmail.com','Barrio Comuneros',43,'CASADO','1982-08-05','MASCULINO','SEGUNDA','MANIZALES','JUAN DAVID','18632523','3002224455','CC','ADMINISTRATIVO',NULL),(139,'CORTES','GUARDA DE SEGURIDAD','MANIZALES','prueba122@hotmail.com','Barrio Comuneros',53,'CASADO','1972-08-15','FEMENINO','SEGUNDA','MANIZALES','LUCERO','30110240','3002224455','CC','OPERATIVO',NULL),(140,'RODRIGUEZ','ESCOLTA','MANIZALES','prueba123@hotmail.com','Barrio Comuneros',50,'SEPARADO','1974-11-09','MASCULINO','PRIMERA','MANIZALES','JOSE GUSTAVO','101444711','3004412587','CC','OPERATIVO',NULL),(141,'CASTAÑO','GUARDA DE SEGURIDAD','MANIZALES','prueba124@hotmail.com','Barrio Comuneros',30,'SEPARADO','1995-03-25','MASCULINO','SEGUNDA','MANIZALES','GIOVANNY DE JESUS','112233099','3004412587','CC','OPERATIVO',NULL),(142,'FAJARDO','AUXILIAR SECRETARIADO','MEDELLIN','prueba125@hotmail.com','Barrio Comuneros',38,'CASADO','1987-01-25','MASCULINO','PRIMERA','MEDELLIN','SERGIO','10652321','3002224455','CC','ADMINISTRATIVO',NULL),(143,'ARIAS ROCHA','AUXILIAR CONTABLE','MANIZALES','prueba126@hotmail.com','BARRIO LA CAROLA',49,'CASADO','1976-08-14','MASCULINO','PRIMERA','MANIZALES','ABRAHAM','75100254','3002224455','CC','ADMINISTRATIVO',NULL),(144,'LONDOÑO CALLE','GUARDA DE SEGURIDAD','MANIZALES','prueba127@hotmail.com','Barrio la Arboleda',38,'SEPARADO','1987-02-15','MASCULINO','PRIMERA','MANIZALES','CARLOS MARIO','9847521','3002224455','CC','OPERATIVO',NULL),(145,'De America','GUARDA DE SEGURIDAD','Montevideo','prueba130@hotmailcom','Barrio Encuentrelo',45,'SEPARADO','1980-10-20','MASCULINO','NO_TIENE','La Paz Bolivia','Sandro','9999999','33333333','CE','OPERATIVO',NULL),(146,'SALGADO','GUARDA DE SEGURIDAD','GUANAHUATO','prueba128@hotmail.com','Av. Boyacá',55,'SOLTERO','1970-09-02','MASCULINO','NO_TIENE','MEXÍCO','JUAN GABRIEL','4521652','3002224455','CE','OPERATIVO',NULL),(147,'ZAPATA','OPERADOR DE MEDIOS','MANIZALES','prueba131@hotmail.com','Barrio Mendoza',30,'UNION_LIBRE','1995-04-05','FEMENINO','SEGUNDA','MANIZALES','DIANA CAROLINA','1052265487','3002224455','CC','OPERATIVO',NULL),(148,'QUINTERO','ASISTENTE FINANCIERO','BARRANQUILLA','prueba130@hotmail.com','Barrio Comuneros',29,'CASADO','1996-05-08','MASCULINO','SEGUNDA','BARRANQUILLA','JUAN FERNANDO','1054874956','3002224455','PPT','ADMINISTRATIVO',NULL),(149,'SEXTO','GUARDA DE SEGURIDAD','WASHINTONG','prueba132@hotmail.com','Barrio Peralonso',49,'CASADO','1976-06-29','MASCULINO','SEGUNDA','ALBUQUERQUE','JUAN CAMILO','10101999','321800223','CC','OPERATIVO','RAIZAL'),(150,'GÓMEZ ARCILA','OPERADOR DE MEDIOS','MANIZALES','prueba133@hotmail.com','Av. Boyacá',46,'SEPARADO','1979-03-06','FEMENINO','SEGUNDA','RIOSUCIO','GLORIA ESPERANZA','30789456','3002224455','CC','OPERATIVO','GITANO'),(151,'TELLÉZ','INSTRUCTOR CANINO','BOGOTA','prueba134@hotmail.com','Barrio Mendoza',40,'SOLTERO','1985-07-04','MASCULINO','PRIMERA','CUNDINAMARCA','HERMES','19852635','3004412587','CC','OPERATIVO','RAIZAL'),(152,'DÍAZ PÉREZ','ESCOLTA','PEREIRA','prueba135@hotmail.com','avenida siempre muerta',34,'UNION_LIBRE','1991-02-10','MASCULINO','PRIMERA','PEREIRA','OSCAR MARINO','16520321','3002224455','CC','OPERATIVO','GITANO'),(153,'SANCHEZ','GUARDA DE SEGURIDAD','HERVEO','prueba136@hotmail.com','avenida siempre muerta',40,'SEPARADO','1985-06-15','FEMENINO','NO_TIENE','TOLIMA','DIANA MILENA','14523698','3002224455','CC','OPERATIVO','INDIGENA'),(154,'LÓPEZ','OPERADOR DE MEDIOS','MANIZALES','prueba137@hotmail.com','Barrio Comuneros',28,'CASADO','1997-10-06','FEMENINO','SEGUNDA','MANIZALES','LUISA FERNANDA','1052587496','96584711','CC','OPERATIVO','NO_APLICA'),(155,'COLON','ESCOLTA','MADRID','prueba138@hotmail.com','avenida siempre muerta',26,'SOLTERO','1999-09-19','MASCULINO','PRIMERA','ESPAÑA','CRISTOBAL','10287320','3002224455','CE','OPERATIVO','GITANO'),(156,'ESCOBAR GAVIRIA','GUARDA DE SEGURIDAD','ENVIGADO','prueba139@hotmail.com','Barrio Comuneros',57,'CASADO','1968-08-15','MASCULINO','SEGUNDA','MEDELLIN','JUAN PABLO','4521879','3104451176','CC','OPERATIVO','NO_APLICA'),(157,'HENAO BALLESTEROS','OPERADOR DE MEDIOS','MANIZALES','prueba140@hotmail.com','Barrio Mendoza',42,'CASADO','1983-03-19','FEMENINO','SEGUNDA','MANIZALES','LINA MARÍA','30950263','3004412587','CC','OPERATIVO','NO_APLICA'),(158,'PEREZ','GUARDA DE SEGURIDAD','MANIZALES','prueba141@hotmail.com','avenida siempre muerta',16,'SOLTERO','2009-09-16','MASCULINO','PRIMERA','MANIZALES','PEPITO','1053625900','3002224455','TI','OPERATIVO','AFRODESCENDIENTE'),(159,'GRISALES','SUPERVISOR','MANIZALES','prueba142@hotmail.com','avenida siempre muerta',27,'SEPARADO','1997-11-06','MASCULINO','PRIMERA','MANIZALES','LUIS FERNANDO','16598452','3002224455','CC','OPERATIVO','NO_APLICA'),(160,'BEDOYA','GUARDA DE SEGURIDAD','MANIZALES','prueba143@hotmail.com','avenida siempre muerta',54,'SEPARADO','1970-11-25','MASCULINO','SEGUNDA','MANIZALES','CARLOS JULIAN','10609523','31356985478','CC','OPERATIVO','GITANO'),(161,'CARVAJAL HOYOS','GUARDA DE SEGURIDAD','MANIZALES','prueba144@hotmail.com','Barrio Mendoza',27,'UNION_LIBRE','1998-09-14','FEMENINO','NO_TIENE','MANIZALES','ADRIANA LUCÍA','1051263598','3134596859','CC','OPERATIVO','NO_APLICA'),(162,'SANCHEZ GALLEGO','OPERADOR DE MEDIOS','MANIZALES','prueba145@hotmail.com','avenida siempre muerta',32,'CASADO','1993-10-25','FEMENINO','NO_TIENE','MANIZALES','VALENTINA','1053874521','3004412587','CC','OPERATIVO','PALENQUERO'),(163,'ALARCON','ASISTENTE','MANIZALES','prueba146@hotmail.com','avenida siempre muerta',34,'SOLTERO','1991-06-15','MASCULINO','PRIMERA','MANIZALES','JUAN DAVID','1052411555','3004412587','CC','ADMINISTRATIVO','RAIZAL'),(164,'GARCIA','GUARDA DE SEGURIDAD','MONTERIA','prueba147@hotmail.com','Barrio Mendoza',34,'UNION_LIBRE','1991-10-12','MASCULINO','SEGUNDA','MONTERIA','OTONIEL','12040526','3004412587','CC','OPERATIVO','RAIZAL'),(165,'CASTAÑO RIOS','GUARDA DE SEGURIDAD','MANIZALES','prueba148@hotmail.com','avenida siempre muerta',51,'SEPARADO','1974-01-26','MASCULINO','SEGUNDA','MANIZALES','JOSE ENRIQUE','10999110','3004412587','CC','OPERATIVO','AFRODESCENDIENTE'),(166,'VARGAS MONSALVE','ASISTENTE','MANIZALES','prueba149@hotmail.com','Barrio Mendoza',45,'SOLTERO','1980-04-17','FEMENINO','SEGUNDA','MANIZALES','CINTYA CAROLINA','30263010','3004412587','CC','ADMINISTRATIVO','AFRODESCENDIENTE'),(167,'JARAMILLO VARGAS','GUARDA DE SEGURIDAD','MANIZALES','prueba150@hotmail.com','avenida siempre muerta',47,'SEPARADO','1978-01-22','FEMENINO','SEGUNDA','MANIZALES','GLORIA ESPERANZA','30958124','3002224455','CC','OPERATIVO','NO_APLICA'),(168,'BRANDON','GUARDA DE SEGURIDAD','MANIZALES','prueba151@hotmail.com','Barrio la Arboleda',33,'CASADO','1992-09-16','MASCULINO','PRIMERA','MANIZALES','MARLON','10396852','3004412587','CC','OPERATIVO','AFRODESCENDIENTE'),(169,'FLOREZ MUÑOZ','AUXILIAR DE CONTABILIDAD','MANIZALES','prueba152@hotmail.com','Barrio Mendoza',27,'SOLTERO','1998-09-29','FEMENINO','SEGUNDA','MANIZALES','DEISY ALEJANDRA','1055421563','3002224455','CC','ADMINISTRATIVO','NO_APLICA'),(170,'BALLESTEROS SANCHEZ','GUARDA DE SEGURIDAD','VILLAMARIA','prueba401@hotmail.com','BARRIO FÁTIMA',96,'CASADO','1928-12-04','MASCULINO','SEGUNDA','VILLAMARIA','ERNESTO','4567123','6068911930','CC','OPERATIVO','NO_APLICA'),(171,'SALAZAR DIAZ','GUARDA DE SEGURIDAD','MANIZALES','prueba500@hotmail.com','Barrio Mendoza',43,'SEPARADO','1982-03-13','FEMENINO','SEGUNDA','MANIZALES','YORANI','30892224','3004412587','CC','OPERATIVO','AFRODESCENDIENTE'),(172,'ALZATE','SUPERVISOR','MANIZALES','prueba461@hotmail.com','BARRIO ENCUENTRELO',25,'SOLTERO','2000-03-08','MASCULINO','NO_TIENE','MANIZALES','NEYMAR JUNIOR','1059354267','3004125695','CC','OPERATIVO','AFRODESCENDIENTE');
/*!40000 ALTER TABLE `empleado` ENABLE KEYS */;
UNLOCK TABLES;

--
-- Table structure for table `estudio`
--

DROP TABLE IF EXISTS `estudio`;
/*!40101 SET @saved_cs_client     = @@character_set_client */;
/*!50503 SET character_set_client = utf8mb4 */;
CREATE TABLE `estudio` (
  `estudio_id` bigint NOT NULL AUTO_INCREMENT,
  `fecha_estudio` date DEFAULT NULL,
  `nombre_estudio` varchar(255) DEFAULT NULL,
  `tipo_estudio` enum('BACHILLER_ACADEMICO','OTRO','TECNICO') DEFAULT NULL,
  `empleado_id` bigint DEFAULT NULL,
  PRIMARY KEY (`estudio_id`),
  KEY `FKa6ph94fwkaj99sa339p4vebys` (`empleado_id`),
  CONSTRAINT `FKa6ph94fwkaj99sa339p4vebys` FOREIGN KEY (`empleado_id`) REFERENCES `empleado` (`id`)
) ENGINE=InnoDB AUTO_INCREMENT=85 DEFAULT CHARSET=utf8mb4 COLLATE=utf8mb4_0900_ai_ci;
/*!40101 SET character_set_client = @saved_cs_client */;

--
-- Dumping data for table `estudio`
--

LOCK TABLES `estudio` WRITE;
/*!40000 ALTER TABLE `estudio` DISABLE KEYS */;
INSERT INTO `estudio` VALUES (1,'2005-05-10','DIPLOMA','BACHILLER_ACADEMICO',116),(2,'2018-11-02','AUXILIAR ADMINISTRATIVA','TECNICO',91),(3,'2022-02-17','FINANZAS INTERNACIONALES','OTRO',28),(4,'2024-12-04','TECNOLOGO ADSO','TECNICO',116),(5,'2010-04-24','PSICOLOGÍA','TECNICO',87),(6,'2004-06-10','RELACIONES HUMANAS','OTRO',87),(7,'1996-09-19','DIPLOMA ACADÉMICO','BACHILLER_ACADEMICO',130),(8,'2018-09-10','TECNICO EN SISTEMAS','TECNICO',130),(9,'2020-11-23','AUXILIAR CONTABLE','OTRO',130),(11,'2024-03-02','MAESTRÍA EN CONTABILIDAD','OTRO',130),(12,'2024-03-02','PSICOLOGÍA','TECNICO',116),(13,'2023-05-11','PSICOLOGÍA INTERNA','OTRO',116),(15,'2024-03-02','TECNILOGO','TECNICO',54),(16,'2023-05-12','DIPLOMA','BACHILLER_ACADEMICO',101),(17,'2021-02-10','TECNICO EN ALARMAS','TECNICO',101),(18,'2023-02-10','DIPLOMA','BACHILLER_ACADEMICO',100),(19,'2001-02-12','DIPLOMA','BACHILLER_ACADEMICO',32),(20,'2000-02-12','DIPLOMA','BACHILLER_ACADEMICO',94),(21,'2010-02-13','DIPLOMA','BACHILLER_ACADEMICO',94),(22,'2024-03-02','','BACHILLER_ACADEMICO',92),(23,'2024-03-02','PSICOLOGÍA INTERNA','OTRO',116),(26,'2024-03-13','RESOLVIENDO Bad Request','OTRO',116),(27,'2000-02-20','','BACHILLER_ACADEMICO',60),(28,'2013-02-12','','BACHILLER_ACADEMICO',131),(29,'2023-02-12','TECNICO','OTRO',131),(30,'2023-02-12','TECNICO EN SISTEMAS','TECNICO',105),(31,'2000-05-12','DIPLOMA','BACHILLER_ACADEMICO',105),(32,'2000-02-11','','BACHILLER_ACADEMICO',95),(33,'1995-11-10','','BACHILLER_ACADEMICO',132),(36,'2020-04-11','','BACHILLER_ACADEMICO',78),(37,'1990-09-19','DIPLOMA','BACHILLER_ACADEMICO',133),(38,'2000-08-14','SERVICIO AL CLIENTE','OTRO',133),(39,'2001-06-10','ENTRENADOR','OTRO',85),(40,'2017-11-19','DIPLOMA','BACHILLER_ACADEMICO',134),(41,'1994-10-10','','BACHILLER_ACADEMICO',75),(42,'2022-05-13','CONTROLADOR','TECNICO',135),(43,'2024-11-28','DIPLOMA','BACHILLER_ACADEMICO',136),(44,'2022-08-26','SECRETARIADO','TECNICO',136),(45,'2020-02-12','DIPLOMA','BACHILLER_ACADEMICO',54),(46,'2025-08-03','','BACHILLER_ACADEMICO',112),(48,'2000-01-20','TECNICO EN SISTEMAS','TECNICO',139),(49,'1996-09-15','DIPLOMA','BACHILLER_ACADEMICO',140),(50,'2025-07-27','MAESTRÍA GERENCIAL','OTRO',60),(51,'1995-09-02','DIPLOMA','BACHILLER_ACADEMICO',142),(52,'2025-09-02','','BACHILLER_ACADEMICO',54),(53,'1996-11-02','DIPLOMA','BACHILLER_ACADEMICO',143),(54,'2025-09-01','DIPLOMA','BACHILLER_ACADEMICO',144),(55,'1996-11-10','Diploma de Bachiller','BACHILLER_ACADEMICO',145),(56,'1996-09-10','DIPLOMA','BACHILLER_ACADEMICO',146),(57,'2000-11-15','DIPLOMA','BACHILLER_ACADEMICO',147),(58,'2025-08-31','DIPLOMA','BACHILLER_ACADEMICO',150),(59,'2025-09-08','','BACHILLER_ACADEMICO',151),(60,'2025-09-08','','BACHILLER_ACADEMICO',152),(61,'2025-09-02','DIPLOMA','BACHILLER_ACADEMICO',153),(62,'2025-09-15','DIPLOMA','BACHILLER_ACADEMICO',154),(63,'2025-09-15','DIPLOMA','BACHILLER_ACADEMICO',155),(64,'2025-09-23','NAVEGADOR','TECNICO',155),(65,'2025-09-15','DIPLOMA','BACHILLER_ACADEMICO',156),(66,'2025-09-08','DIPLOMA','BACHILLER_ACADEMICO',157),(67,'2025-09-16','DIPLOMA','BACHILLER_ACADEMICO',159),(68,'2025-09-02','ASISTENTE','TECNICO',159),(69,'2025-09-02','','BACHILLER_ACADEMICO',162),(70,'2025-09-01','ALARMAS','TECNICO',162),(71,'2024-03-13','','BACHILLER_ACADEMICO',163),(72,'2024-03-13','ASIS','TECNICO',163),(73,'2024-03-13',NULL,'OTRO',163),(74,'2024-03-13','','BACHILLER_ACADEMICO',163),(75,'2024-03-13','ASIS','TECNICO',163),(76,'2024-03-13',NULL,'OTRO',163),(77,'2025-09-23','','OTRO',163),(78,'2025-09-09','SISTEMAS','TECNICO',164),(79,'2025-09-02','AGROPECUARIO','TECNICO',165),(80,'2025-10-06',NULL,'BACHILLER_ACADEMICO',167),(81,'2025-10-06','AUXILIAR ADMINISTRATIVO','TECNICO',167),(82,'2025-09-29',NULL,'BACHILLER_ACADEMICO',169),(83,'2025-10-01',NULL,'BACHILLER_ACADEMICO',171),(84,'2025-10-01','SISTEMAS','TECNICO',171);
/*!40000 ALTER TABLE `estudio` ENABLE KEYS */;
UNLOCK TABLES;

--
-- Table structure for table `experiencia_laboral`
--

DROP TABLE IF EXISTS `experiencia_laboral`;
/*!40101 SET @saved_cs_client     = @@character_set_client */;
/*!50503 SET character_set_client = utf8mb4 */;
CREATE TABLE `experiencia_laboral` (
  `experiencia_laboral_id` bigint NOT NULL AUTO_INCREMENT,
  `descripcion_experiencia` varchar(255) DEFAULT NULL,
  `empleado_id` bigint DEFAULT NULL,
  PRIMARY KEY (`experiencia_laboral_id`),
  KEY `FKm7nghexr2l9f2ibv8ebqlw6lu` (`empleado_id`),
  CONSTRAINT `FKm7nghexr2l9f2ibv8ebqlw6lu` FOREIGN KEY (`empleado_id`) REFERENCES `empleado` (`id`)
) ENGINE=InnoDB AUTO_INCREMENT=37 DEFAULT CHARSET=utf8mb4 COLLATE=utf8mb4_0900_ai_ci;
/*!40101 SET character_set_client = @saved_cs_client */;

--
-- Dumping data for table `experiencia_laboral`
--

LOCK TABLES `experiencia_laboral` WRITE;
/*!40000 ALTER TABLE `experiencia_laboral` DISABLE KEYS */;
INSERT INTO `experiencia_laboral` VALUES (1,'REGISTRO DE PRUEBA',116),(2,'COOPORECAL CTA 8 AÑOS DE EXPERIENCIA',116),(3,'TRABAJANDO CON EL BLANCO',116),(4,'EL PALACIO DEL PAN 5 AÑOS',116),(5,'EJECUTANDO BOTÓN PARA ELIMINAR DESDE LA TABLA',133),(6,'HERRAGRO - SECRETARIA 5 AÑOS (TERMINACIÓN DE CONTRATO)',133),(7,'REALIZANDO PRUEBAS EN MODAL',116),(9,'SELECCION COLOMBIA 93 ITALIA ',85),(12,'DIRECTOR TECNICO JUNIOR',85),(13,'SIN EXPERIENCIA',134),(14,'GUARDA DE SEGURIDAD EN ATLAS (2 AÑOS 6 MESES)',75),(15,'INDUASEO 5 AÑOS',99),(16,'NO TIENE',136),(17,'VETERANO MÁS DE 20 AÑOS',54),(18,'MABE AUXILIAR DE PROYECTOS 2 AÑOS',138),(19,'5 AÑOS COOPORECAL',139),(20,'DAVIVIENDA',143),(21,'MABE 3 AÑOS COMO SUBGERENTE',60),(22,'CELAR OPERADORA DE MEDIOS 2 AÑOS',27),(23,'JABONERIAS HADA 3 AÑOS',144),(24,'trabajo 8 años con CELAR',145),(25,'5 AÑOS MARKETING DIGITAL DURATEX',150),(26,'15 AÑOS EN CELAR (Ahora G4)',151),(27,'COOPORECAL CTA 10 AÑOS',152),(28,'NO TIENE',153),(29,'GRUPO EMPRESARIAL OPTICAL 2 AÑOS',154),(30,'NAVEGANDO 20 AÑOS',155),(31,'CIENTÍFICO 10 AAÑOS',155),(32,'TODA LA EXPERIENCIA',156),(33,'DIGITEX 3 AÑOS',157),(35,'NO TIENE NINGUNA EXPERIENCIA',164),(36,'NO TIENE',171);
/*!40000 ALTER TABLE `experiencia_laboral` ENABLE KEYS */;
UNLOCK TABLES;

--
-- Table structure for table `familiar`
--

DROP TABLE IF EXISTS `familiar`;
/*!40101 SET @saved_cs_client     = @@character_set_client */;
/*!50503 SET character_set_client = utf8mb4 */;
CREATE TABLE `familiar` (
  `familiar_id` bigint NOT NULL AUTO_INCREMENT,
  `edad_familiar` int NOT NULL,
  `nombre_familiar` varchar(255) DEFAULT NULL,
  `tipo_familiar` enum('HIJASTROS','HIJOS') DEFAULT NULL,
  `empleado_id` bigint DEFAULT NULL,
  PRIMARY KEY (`familiar_id`),
  KEY `FK9el3ad8ebsv6piutteamuk8l5` (`empleado_id`),
  CONSTRAINT `FK9el3ad8ebsv6piutteamuk8l5` FOREIGN KEY (`empleado_id`) REFERENCES `empleado` (`id`)
) ENGINE=InnoDB AUTO_INCREMENT=119 DEFAULT CHARSET=utf8mb4 COLLATE=utf8mb4_0900_ai_ci;
/*!40101 SET character_set_client = @saved_cs_client */;

--
-- Dumping data for table `familiar`
--

LOCK TABLES `familiar` WRITE;
/*!40000 ALTER TABLE `familiar` DISABLE KEYS */;
INSERT INTO `familiar` VALUES (1,5,'Carlos Eduardo','HIJOS',16),(2,11,'Manuela','HIJASTROS',16),(3,13,'Santiago','HIJASTROS',17),(4,1,'Valentina','HIJOS',17),(5,3,'Walter','HIJOS',78),(6,10,'Monica','HIJASTROS',78),(7,5,'ESTEFANÍA ROMERO','HIJOS',54),(8,8,'Manuela Saénz','HIJOS',47),(9,4,'Hernán José','HIJASTROS',18),(10,13,'Marcela Arroyave','HIJOS',105),(11,11,'Matías Arroyave','HIJOS',105),(12,4,'Vannesa Gómez','HIJASTROS',105),(13,13,'Sara','HIJOS',113),(14,4,'Damián','HIJASTROS',113),(15,14,'MANUELA','HIJOS',115),(16,26,'SANTIAGO','HIJOS',116),(17,7,'EMMANUEL','HIJOS',116),(18,4,'MARIA LUISA','HIJOS',118),(19,5,'JUAN JOSÉ','HIJOS',119),(20,11,'ANA MARIA','HIJASTROS',119),(21,15,'JUAN SEBASTIAN','HIJASTROS',119),(22,0,'ANGIE','HIJOS',120),(23,14,'CLARA SANTOS','HIJOS',121),(26,4,'VANESA','HIJASTROS',116),(27,12,'JUAN JOSÉ','HIJOS',77),(28,1,'JUAN JOSÉ ALVAREZ','HIJOS',121),(30,5,'SOFIA','HIJOS',54),(32,15,'KATERINE','HIJOS',54),(33,1,'SALOME','HIJASTROS',54),(34,4,'SANTY','HIJOS',112),(35,7,'SAMANTA','HIJOS',26),(36,2,'ADRIAN','HIJOS',101),(37,2,'santy','HIJOS',26),(38,8,'SAMUEL','HIJASTROS',26),(39,17,'DAMIAN CARDONA','HIJOS',26),(40,5,'JHON','HIJOS',104),(41,8,'SILVANA','HIJASTROS',94),(42,12,'ROBERTO CARLOS','HIJASTROS',34),(43,14,'GERALDINE','HIJOS',94),(44,2,'ANA MARÍA','HIJOS',115),(45,13,'JUAN JOSE','HIJOS',60),(46,21,'LADY VANNESA','HIJASTROS',54),(47,15,'JUAN SEBASTIAN','HIJOS',122),(48,4,'JUANITA','HIJASTROS',122),(49,14,'DYLAN','HIJASTROS',112),(50,14,'YURI ALEJANDRA','HIJOS',59),(51,3,'SAMUEL','HIJASTROS',59),(52,15,'EFRAÍN','HIJOS',79),(53,14,'MARIANA','HIJOS',97),(54,4,'SILVANA','HIJOS',125),(55,3,'ANTONELLA','HIJOS',126),(56,12,'SAMUEL','HIJOS',127),(57,8,'LUCHO','HIJOS',127),(58,17,'SAMANTA','HIJASTROS',127),(59,15,'AMANDA','HIJOS',128),(60,8,'JACINTO','HIJOS',128),(61,4,'JUAN GERÓNIMO','HIJOS',128),(62,14,'BARTOLOME','HIJOS',44),(63,11,'VIOLETA','HIJOS',99),(64,14,'VALENTIN','HIJOS',130),(65,7,'SAMUEL','HIJASTROS',130),(66,4,'LAURA','HIJOS',54),(67,14,'CAMILO','HIJASTROS',101),(68,14,'ALDEMAR','HIJASTROS',60),(69,5,'VANNESA','HIJOS',131),(70,20,'CRISTIAN CAMILO','HIJOS',132),(71,5,'NATALY','HIJASTROS',132),(72,25,'JUAN ALEJANDRO','HIJOS',133),(73,30,'ANA MARÍA','HIJOS',133),(74,12,'SAMANTHA','HIJOS',85),(75,11,'ANTONNY','HIJASTROS',134),(76,19,'SEBASTIÁN','HIJOS',75),(77,25,'VLADIMIR','HIJOS',135),(78,11,'MARÍA DEL SOL','HIJASTROS',138),(79,24,'MANOLO','HIJOS',139),(80,11,'SAMANTA','HIJOS',139),(81,14,'GERONIMO','HIJOS',140),(82,14,'DAMIÁN','HIJASTROS',141),(83,14,'ANTONELLA','HIJOS',142),(84,21,'JUANITA','HIJOS',143),(85,7,'GREGORIO','HIJOS',63),(86,6,'VALERY','HIJOS',144),(87,14,'JAMES','HIJASTROS',144),(88,25,'Santiago Ballesteros Arbeláez','HIJOS',145),(89,7,'Emmanuel Ballesteros Arbeláez','HIJOS',145),(90,20,'CARMEN','HIJOS',146),(91,8,'JUAN JOSE','HIJASTROS',146),(92,12,'VANNESA','HIJOS',147),(93,6,'JUAN JOSE','HIJOS',148),(94,21,'MANUELA','HIJOS',150),(95,15,'SALOME','HIJOS',151),(96,14,'DIEGO','HIJOS',152),(97,7,'ANA MARIA','HIJASTROS',152),(98,25,'MAGDALENA','HIJOS',153),(99,16,'SAMUEL','HIJOS',154),(100,12,'BERNARDO','HIJOS',155),(101,3,'LAURA','HIJASTROS',155),(102,24,'JUAN JOSE','HIJOS',156),(103,5,'MARGARITA','HIJASTROS',156),(104,22,'LUISA','HIJOS',157),(105,19,'MARIANA','HIJOS',157),(106,18,'MANUELA','HIJOS',157),(107,2,'VANNESA','HIJOS',159),(108,10,'KATERINE','HIJASTROS',159),(109,13,'GERONIMO','HIJOS',162),(110,30,'JUAN CARLOS','HIJOS',164),(111,12,'DYLAN','HIJASTROS',164),(112,0,'HUGO','HIJASTROS',114),(113,0,'JUAN JOSÉ','HIJOS',167),(114,60,'TERESA','HIJOS',170),(115,7,'SANTY','HIJOS',171),(116,11,'GUSTAVO','HIJASTROS',171),(117,4,'MARIA CAMILA','HIJOS',171),(118,7,'JUAN MANUELA','HIJASTROS',54);
/*!40000 ALTER TABLE `familiar` ENABLE KEYS */;
UNLOCK TABLES;

--
-- Table structure for table `otro_documento`
--

DROP TABLE IF EXISTS `otro_documento`;
/*!40101 SET @saved_cs_client     = @@character_set_client */;
/*!50503 SET character_set_client = utf8mb4 */;
CREATE TABLE `otro_documento` (
  `documento_id` bigint NOT NULL AUTO_INCREMENT,
  `descripcion_documento` varchar(255) DEFAULT NULL,
  `fecha_registro` date DEFAULT NULL,
  `tipo_otro_documento` enum('JUDICIALES','PROCURADURIA','CONTRALORIA','MEDIDAS_CORRECTIVAS','INHABILIDADES','LISTA_CLINTON') DEFAULT NULL,
  `empleado_id` bigint DEFAULT NULL,
  PRIMARY KEY (`documento_id`),
  KEY `FKa4h1x7rwfwqv1t91gyxph5n90` (`empleado_id`),
  CONSTRAINT `FKa4h1x7rwfwqv1t91gyxph5n90` FOREIGN KEY (`empleado_id`) REFERENCES `empleado` (`id`)
) ENGINE=InnoDB AUTO_INCREMENT=112 DEFAULT CHARSET=utf8mb4 COLLATE=utf8mb4_0900_ai_ci;
/*!40101 SET character_set_client = @saved_cs_client */;

--
-- Dumping data for table `otro_documento`
--

LOCK TABLES `otro_documento` WRITE;
/*!40000 ALTER TABLE `otro_documento` DISABLE KEYS */;
INSERT INTO `otro_documento` VALUES (21,'CON ANOTACIONES','2025-02-13','JUDICIALES',133),(22,'SIN ANOTACIONES','2024-01-10','LISTA_CLINTON',133),(23,'SIN ANOTACION','2024-01-10','MEDIDAS_CORRECTIVAS',116),(24,'CON NOVEDAD','2025-08-31','PROCURADURIA',148),(25,'NO TIENE','2025-09-10','MEDIDAS_CORRECTIVAS',148),(26,'ESTA ES LA CLAVE','2025-08-31','LISTA_CLINTON',148),(27,'','2025-09-15','JUDICIALES',151),(28,'NA','2025-09-15','JUDICIALES',155),(29,'SIN ANOTACIONES','2024-01-10','MEDIDAS_CORRECTIVAS',157),(30,'SIN ANOTACIONES','2024-01-10','MEDIDAS_CORRECTIVAS',157),(31,'SIN NADA','2024-01-10','LISTA_CLINTON',157),(32,'','2025-09-15','INHABILIDADES',157),(33,'N/A','2025-09-08','JUDICIALES',84),(34,'DEPORTADA','2025-09-08','LISTA_CLINTON',84),(35,'RESULTADO OK','2025-09-09','INHABILIDADES',158),(36,'ANOTACION','2025-09-10','JUDICIALES',158),(37,'RESUELTAS','2025-09-03','MEDIDAS_CORRECTIVAS',158),(40,'PRUEBAS','2024-01-10','LISTA_CLINTON',158),(41,'DB','2025-09-01','CONTRALORIA',158),(43,'SIN ANOTACIONES','2024-01-10','MEDIDAS_CORRECTIVAS',159),(45,'SIN ANOTACIONES','2024-01-10','CONTRALORIA',159),(47,'SSSS','2025-09-16','PROCURADURIA',160),(48,'HHHH','2025-09-02','INHABILIDADES',160),(49,'AAAA','2025-09-09','PROCURADURIA',161),(50,'HHH','2025-09-03','MEDIDAS_CORRECTIVAS',161),(51,'OOO','2025-09-10','LISTA_CLINTON',161),(52,'','2025-09-03','JUDICIALES',161),(53,'SIN ANOTACIONES','2024-01-10','MEDIDAS_CORRECTIVAS',159),(54,'PROBANDO','2024-01-10','LISTA_CLINTON',159),(56,'SIN NADA','2024-01-10','MEDIDAS_CORRECTIVAS',159),(62,'','2024-01-10','PROCURADURIA',163),(63,'TIPOERROR','2024-01-10','LISTA_CLINTON',163),(64,'SIN ANOTACIONES','2024-01-10','CONTRALORIA',163),(65,'SIN NADA','2024-01-10','MEDIDAS_CORRECTIVAS',163),(66,'CON NOVEDAD','2024-01-10','MEDIDAS_CORRECTIVAS',163),(67,'ADELANTE','2024-01-10','LISTA_CLINTON',163),(68,'','2024-01-10','CONTRALORIA',163),(69,'CON ANOTACIONES','2025-02-13','LISTA_CLINTON',163),(70,'','2025-09-01','JUDICIALES',163),(71,'AAAA','2025-09-01','CONTRALORIA',163),(72,'PROBANDO ','2025-08-31','MEDIDAS_CORRECTIVAS',163),(73,'','2025-09-02','PROCURADURIA',164),(74,'ANOTACIÓN','2025-09-02','MEDIDAS_CORRECTIVAS',164),(75,'HABILITADO','2025-09-08','INHABILIDADES',164),(76,'','2024-01-10','MEDIDAS_CORRECTIVAS',164),(77,NULL,'2024-01-10','LISTA_CLINTON',164),(78,'SIN ANOTACIONES','2024-01-10','CONTRALORIA',164),(79,'SIN NADA','2024-01-10','MEDIDAS_CORRECTIVAS',164),(80,'','2025-09-22','JUDICIALES',162),(81,'PRUEBAS OK','2025-09-14','LISTA_CLINTON',162),(82,'N/A','2025-09-02','JUDICIALES',165),(83,'N/A','2025-08-31','CONTRALORIA',165),(84,'N/A','2025-09-01','INHABILIDADES',165),(85,'N/A','2025-09-02','LISTA_CLINTON',165),(86,'SIN NOVEDAD','2025-09-17','JUDICIALES',166),(87,'N/A','2025-09-02','PROCURADURIA',166),(88,NULL,'2025-09-09','CONTRALORIA',166),(89,'N/A','2025-09-03','MEDIDAS_CORRECTIVAS',166),(90,NULL,'2025-09-03','INHABILIDADES',166),(91,'N/A','2025-09-03','LISTA_CLINTON',166),(99,'SIN ANOTACIONES','2025-09-29','JUDICIALES',167),(100,NULL,'2025-09-29','PROCURADURIA',167),(101,'SIN ANOTACIONES','2025-10-06','CONTRALORIA',167),(102,NULL,'2025-09-29','MEDIDAS_CORRECTIVAS',167),(103,'SIN ANOTACIONES','2025-09-28','INHABILIDADES',167),(104,NULL,'2025-09-29','LISTA_CLINTON',167),(105,'SA','2025-10-07','JUDICIALES',171),(106,'NT','2025-10-07','PROCURADURIA',171),(107,'SA','2025-09-30','CONTRALORIA',171),(108,NULL,'2025-10-07','MEDIDAS_CORRECTIVAS',171),(109,'NO TIENE','2025-10-07','INHABILIDADES',171),(110,NULL,'2025-10-01','LISTA_CLINTON',171),(111,'N/A','2025-10-12','LISTA_CLINTON',60);
/*!40000 ALTER TABLE `otro_documento` ENABLE KEYS */;
UNLOCK TABLES;

--
-- Table structure for table `password_reset_tokens`
--

DROP TABLE IF EXISTS `password_reset_tokens`;
/*!40101 SET @saved_cs_client     = @@character_set_client */;
/*!50503 SET character_set_client = utf8mb4 */;
CREATE TABLE `password_reset_tokens` (
  `id` bigint NOT NULL AUTO_INCREMENT,
  `admin` varchar(255) NOT NULL,
  `expiry_date` datetime(6) NOT NULL,
  `token` varchar(255) NOT NULL,
  PRIMARY KEY (`id`),
  UNIQUE KEY `UK71lqwbwtklmljk3qlsugr1mig` (`token`)
) ENGINE=InnoDB AUTO_INCREMENT=164 DEFAULT CHARSET=utf8mb4 COLLATE=utf8mb4_0900_ai_ci;
/*!40101 SET character_set_client = @saved_cs_client */;

--
-- Dumping data for table `password_reset_tokens`
--

LOCK TABLES `password_reset_tokens` WRITE;
/*!40000 ALTER TABLE `password_reset_tokens` DISABLE KEYS */;
/*!40000 ALTER TABLE `password_reset_tokens` ENABLE KEYS */;
UNLOCK TABLES;

--
-- Table structure for table `usuarios`
--

DROP TABLE IF EXISTS `usuarios`;
/*!40101 SET @saved_cs_client     = @@character_set_client */;
/*!50503 SET character_set_client = utf8mb4 */;
CREATE TABLE `usuarios` (
  `id` bigint NOT NULL AUTO_INCREMENT,
  `admin` varchar(255) DEFAULT NULL,
  `clave` varchar(255) DEFAULT NULL,
  `estado` bit(1) NOT NULL,
  `rol` enum('ADMIN','RRHH','USER') DEFAULT NULL,
  PRIMARY KEY (`id`)
) ENGINE=InnoDB AUTO_INCREMENT=18 DEFAULT CHARSET=utf8mb4 COLLATE=utf8mb4_0900_ai_ci;
/*!40101 SET character_set_client = @saved_cs_client */;

--
-- Dumping data for table `usuarios`
--

LOCK TABLES `usuarios` WRITE;
/*!40000 ALTER TABLE `usuarios` DISABLE KEYS */;
INSERT INTO `usuarios` VALUES (2,'duvan.ballesteros','$2a$12$o..kw9Cc9F.IAaFVaWRPN.r/7LuLWUXglaUpfYDt03mRl.cFQtNby',_binary '','ADMIN'),(3,'angela.arbelaez','$2a$12$FrzDUbcAq2uQ1n/kufHJr.efu9.QXXu/K.lX5V3rkHU5JDlqLduV.',_binary '','RRHH'),(4,'admin@test.com','$2a$10$KSNIzri2SqntjwoKQ4MdKOQYO/XNEExEBwbnHDRt7.PUtjL/CDdhq',_binary '','ADMIN'),(5,'admin@testpruebaput.com','$2a$10$Dn8c/UcpcERj9YNLhK3hJeFZnlFaBxEHUSqmtfpNE28spi7QlHJ1m',_binary '','RRHH'),(6,'usandometodoput@test.com','$2a$10$Ca7V4EaiIXB2kh2l6PS.EezdMPVXAmQsTddrJLGShMneBOXlBKN26',_binary '','USER'),(7,'usuariodeprueba1@hotmail.com','$2a$10$mya70IyxqNyJ/wRMpYmS6OTdlP/yTbR4chS5azZfUtVrEQD2mfduK',_binary '','ADMIN'),(8,'usuariodeprueba2@hotmail.com','$2a$10$GuFw8azC9gIaPCp5L2Js6Oa4xcpykN4MDl9OdXw7C69KhBne.dtr2',_binary '','RRHH'),(9,'usuariodeprueba3@hotmail.com','$2a$10$VbueRiJkU72Ay/P.GDGzFeiQCQ6Pssr0fRt3zZ7k81t9trnjH3O3K',_binary '','RRHH'),(10,'usuariodeprueba4@hotmail.com','$2a$10$WqJV37EIikxbxR4MMsoldeDnkFyG3eaLKjoTrMOc3jticNI/XiieO',_binary '','RRHH'),(11,'usuariodeprueba5@hotmail.com','$2a$10$Qw57pfYB3VlTHRwz5..UW.XEPEL.8CCZls.DUiM28tdWW8IgODa.G',_binary '','RRHH'),(12,'usuariodeprueba6@hotmail.com','$2a$10$eExrWihGzP9rNc6sWDHbGO3KvSB.s3W5TF9Y57h5DDQQNv0R3j23C',_binary '\0','RRHH'),(13,'usuariodeprueba7@hotmail.com','$2a$10$ves6IePYiO3moxZ/0sE.HOA5B0V4s5VKEPoazWkU0.CSAcCOWaW.q',_binary '','RRHH'),(14,'ballexplorer1975@gmail.com','$2a$10$S5nhF2lh6Y/nQ6oEx6ZsYOx/4rkJRGTBJMUx4T9j9JGQhYm0.4YsS',_binary '','ADMIN'),(15,'duvanballesterosgallego@gmail.com','$2a$10$tsuDbXYoHe66r/ktli.Dd.V7WRQ2UifynQ5OwTKTA.nVOxC3vlYH2',_binary '','RRHH'),(16,'ballexplorer@hotmail.com','$2a$10$Xaclq8VN7Yjv4Vl7uaAQSOSTJ0ly/QOxybPAuGVhXEfDXv0MPxtNO',_binary '','RRHH'),(17,'backup@test.com','$2a$10$8A5B0M8JsN9oepYq5Uuxlej6DFKOranqXMlWZVDCNQD4MkK.eBUWG',_binary '','USER');
/*!40000 ALTER TABLE `usuarios` ENABLE KEYS */;
UNLOCK TABLES;

--
-- Table structure for table `vehiculo`
--

DROP TABLE IF EXISTS `vehiculo`;
/*!40101 SET @saved_cs_client     = @@character_set_client */;
/*!50503 SET character_set_client = utf8mb4 */;
CREATE TABLE `vehiculo` (
  `vehiculo_id` bigint NOT NULL AUTO_INCREMENT,
  `licencia` date DEFAULT NULL,
  `placa` varchar(255) DEFAULT NULL,
  `soat` date DEFAULT NULL,
  `tecnomecanico` date DEFAULT NULL,
  `tipo_vehiculo` enum('CARRO','MOTO') DEFAULT NULL,
  `empleado_id` bigint DEFAULT NULL,
  PRIMARY KEY (`vehiculo_id`),
  KEY `FKoic7r0tpegs8q0co5nhdbm224` (`empleado_id`),
  CONSTRAINT `FKoic7r0tpegs8q0co5nhdbm224` FOREIGN KEY (`empleado_id`) REFERENCES `empleado` (`id`)
) ENGINE=InnoDB AUTO_INCREMENT=27 DEFAULT CHARSET=utf8mb4 COLLATE=utf8mb4_0900_ai_ci;
/*!40101 SET character_set_client = @saved_cs_client */;

--
-- Dumping data for table `vehiculo`
--

LOCK TABLES `vehiculo` WRITE;
/*!40000 ALTER TABLE `vehiculo` DISABLE KEYS */;
INSERT INTO `vehiculo` VALUES (3,'2017-10-21','WSP24','2025-01-05','2025-01-03','MOTO',133),(4,'2017-10-21','WSP24','2025-01-05','2025-01-03','MOTO',54),(5,'2010-10-21','WEB123','2024-01-05','2024-01-03','CARRO',54),(6,'2025-09-08','ZIT10','2025-09-08','2025-09-09','MOTO',147),(7,'2025-09-08','WOK123','2025-08-31','2025-08-31','MOTO',34),(8,'2020-06-09','LET204','2025-07-14','2025-09-01','CARRO',34),(10,'2025-09-10','CAT221','2025-09-08','2025-09-01','MOTO',116),(12,'2025-08-31','IBG991','2025-09-02','2025-09-08','MOTO',148),(13,'2025-08-31','APP003','2025-08-31','2025-09-08','MOTO',148),(14,'2025-09-02','MOT32','2025-09-01','2025-08-31','MOTO',150),(15,'2025-09-07','TOY96','2025-09-08','2025-09-01','MOTO',151),(16,'2025-09-09','SHE955','2025-09-02','2025-09-01','MOTO',152),(17,'2025-09-07','VIR567','2025-09-09','2025-09-01','MOTO',153),(18,'2025-09-08','SOO34','2025-09-09','2025-09-02','MOTO',154),(19,'2025-09-01','HUY754','2025-09-18','2025-09-17','MOTO',155),(20,'2025-09-02','GOT632','2025-09-17','2025-09-02','CARRO',155),(21,'2025-09-15','HBO22','2025-09-11','2025-09-15','MOTO',156),(22,'2025-09-15','WOW596','2025-09-15','2025-09-16','MOTO',157),(23,'2025-09-03','TOO234','2025-09-01','2025-09-16','MOTO',159),(24,'2025-09-08','MAS321','2025-09-02','2025-09-17','MOTO',164),(25,'2025-09-09','TOY321','2025-09-10','2025-09-08','CARRO',164),(26,'2025-09-30','WOT23E','2025-10-09','2025-09-30','MOTO',171);
/*!40000 ALTER TABLE `vehiculo` ENABLE KEYS */;
UNLOCK TABLES;
SET @@SESSION.SQL_LOG_BIN = @MYSQLDUMP_TEMP_LOG_BIN;
/*!40103 SET TIME_ZONE=@OLD_TIME_ZONE */;

/*!40101 SET SQL_MODE=@OLD_SQL_MODE */;
/*!40014 SET FOREIGN_KEY_CHECKS=@OLD_FOREIGN_KEY_CHECKS */;
/*!40014 SET UNIQUE_CHECKS=@OLD_UNIQUE_CHECKS */;
/*!40101 SET CHARACTER_SET_CLIENT=@OLD_CHARACTER_SET_CLIENT */;
/*!40101 SET CHARACTER_SET_RESULTS=@OLD_CHARACTER_SET_RESULTS */;
/*!40101 SET COLLATION_CONNECTION=@OLD_COLLATION_CONNECTION */;
/*!40111 SET SQL_NOTES=@OLD_SQL_NOTES */;

-- Dump completed on 2025-10-28 12:10:48
